fixture_id,league_id,home_team_id,away_team_id,status,home_goals,away_goals,elapsed,kickoff_utc,kickoff_sthlm,last_checked,fired_finished_at,fired_sthlm,fired_minutes_after_kickoff,briefs_fired,matchday_fire_capped,la_started,la_sig,la_ended,n_goal_events
1379327,39,spurs,leeds,FT,1,1,,2026-05-11 19:00:00+00,2026-05-11 21:00:00,2026-05-11 22:59:01.902+00,2026-05-11 21:08:03.18+00,2026-05-11 23:08:03.18,128.0530000000000000,[],f,f,,f,0
1379275,39,man_city,crystal_palace,FT,3,0,,2026-05-13 19:00:00+00,2026-05-13 21:00:00,2026-05-14 18:56:49.577+00,2026-05-14 18:56:49.577+00,2026-05-14 20:56:49.577,1436.8262833333333333,[],f,f,,f,0
1379330,39,aston_villa,liverpool,FT,4,2,,2026-05-15 19:00:00+00,2026-05-15 21:00:00,2026-05-15 22:59:01.702+00,2026-05-15 20:59:02.862+00,2026-05-15 22:59:02.862,119.0477000000000000,"[""HT"", ""75""]",f,f,,f,0
1379336,39,man_utd,nottm_forest,FT,3,2,,2026-05-17 11:30:00+00,2026-05-17 13:30:00,2026-05-17 22:59:01.541+00,2026-05-17 13:29:02.603+00,2026-05-17 15:29:02.603,119.0433833333333333,"[""HT"", ""75""]",f,f,,f,0
1379332,39,brentford,crystal_palace,FT,2,2,,2026-05-17 14:00:00+00,2026-05-17 16:00:00,2026-05-17 22:59:01.825+00,,,,"[""HT"", ""75""]",t,f,,f,0
1379338,39,wolves,fulham,FT,1,1,,2026-05-17 14:00:00+00,2026-05-17 16:00:00,2026-05-17 22:59:01.623+00,2026-05-17 15:57:03.971+00,2026-05-17 17:57:03.971,117.0661833333333333,"[""HT"", ""75""]",f,f,,f,0
1379334,39,everton,sunderland,FT,1,3,,2026-05-17 14:00:00+00,2026-05-17 16:00:00,2026-05-17 22:59:01.731+00,2026-05-17 15:58:04.278+00,2026-05-17 17:58:04.278,118.0713000000000000,"[""HT"", ""75""]",f,f,,f,0
1379335,39,leeds,brighton,FT,1,0,,2026-05-17 14:00:00+00,2026-05-17 16:00:00,2026-05-17 22:59:01.912+00,,,,"[""HT"", ""75""]",t,f,,f,0
1379337,39,newcastle,west_ham,FT,3,1,,2026-05-17 16:30:00+00,2026-05-17 18:30:00,2026-05-17 22:59:01.957+00,,,,"[""HT""]",t,f,,f,0
1379329,39,arsenal,burnley,ABD,,,,2026-05-18 19:00:00+00,2026-05-18 21:00:00,2026-06-18 05:00:00.300167+00,,,,[],f,f,,t,0
1379331,39,bournemouth,man_city,FT,1,1,,2026-05-19 18:30:00+00,2026-05-19 20:30:00,2026-05-19 22:59:01.69+00,2026-05-19 20:26:03.728+00,2026-05-19 22:26:03.728,116.0621333333333333,"[""HT""]",f,f,,f,0
1379333,39,chelsea,spurs,FT,2,1,,2026-05-19 19:15:00+00,2026-05-19 21:15:00,2026-05-19 22:59:02.018+00,2026-05-19 21:10:04.072+00,2026-05-19 23:10:04.072,115.0678666666666667,"[""HT""]",f,f,,f,0
1379348,39,west_ham,leeds,FT,3,0,,2026-05-24 15:00:00+00,2026-05-24 17:00:00,2026-05-24 22:59:01.513+00,,,,"[""HT""]",t,f,,f,0
1379347,39,spurs,everton,FT,1,0,,2026-05-24 15:00:00+00,2026-05-24 17:00:00,2026-05-24 22:59:01.472+00,,,,"[""HT""]",t,f,,f,0
1379340,39,burnley,wolves,FT,1,1,,2026-05-24 15:00:00+00,2026-05-24 17:00:00,2026-05-24 22:59:01.42+00,,,,"[""HT""]",t,f,,f,0
1379343,39,liverpool,brentford,FT,1,1,,2026-05-24 15:00:00+00,2026-05-24 17:00:00,2026-05-24 22:59:01.315+00,,,,"[""HT""]",t,f,,f,0
1379344,39,man_city,aston_villa,FT,1,2,,2026-05-24 15:00:00+00,2026-05-24 17:00:00,2026-05-24 22:59:01.556+00,,,,"[""HT""]",t,f,,f,0
1379345,39,nottm_forest,bournemouth,FT,1,1,,2026-05-24 15:00:00+00,2026-05-24 17:00:00,2026-05-24 22:59:01.67+00,,,,"[""HT""]",t,f,,f,0
1379346,39,sunderland,chelsea,FT,2,1,,2026-05-24 15:00:00+00,2026-05-24 17:00:00,2026-05-24 22:59:01.707+00,,,,"[""HT""]",t,f,,f,0
1379342,39,fulham,newcastle,FT,2,0,,2026-05-24 15:00:00+00,2026-05-24 17:00:00,2026-05-24 22:59:01.235+00,,,,"[""HT""]",t,f,,f,0
1379341,39,crystal_palace,arsenal,FT,1,2,,2026-05-24 15:00:00+00,2026-05-24 17:00:00,2026-05-24 22:59:01.636+00,,,,"[""HT""]",t,f,,f,0
1379339,39,brighton,man_utd,FT,0,3,,2026-05-24 15:00:00+00,2026-05-24 17:00:00,2026-05-24 22:59:01.592+00,,,,"[""HT""]",t,f,,f,0
1489369,1,mexico,south_africa,FT,2,0,,2026-06-11 19:00:00+00,2026-06-11 21:00:00,2026-06-11 23:59:03.814+00,2026-06-11 21:05:08.186+00,2026-06-11 23:05:08.186,125.1364333333333333,"[""HT"", ""FT_PUSH""]",f,t,2-0-FT,t,0
1538999,1,south_korea,czech_republic,FT,2,1,,2026-06-12 02:00:00+00,2026-06-12 04:00:00,2026-06-12 23:59:02.675+00,2026-06-12 03:57:02.558+00,2026-06-12 05:57:02.558,117.0426333333333333,"[""HT"", ""HT_PUSH"", ""FT_PUSH""]",f,t,2-1-FT,t,0
1539000,1,canada,bosnia_herzegovina,FT,1,1,,2026-06-12 19:00:00+00,2026-06-12 21:00:00,2026-06-12 23:59:03.323+00,2026-06-12 20:59:02.566+00,2026-06-12 22:59:02.566,119.0427666666666667,"[""HT"", ""HT_PUSH"", ""FT_PUSH""]",f,t,1-1-FT,t,0
1489370,1,usa,paraguay,FT,4,1,,2026-06-13 01:00:00+00,2026-06-13 03:00:00,2026-06-14 00:11:02.544+00,2026-06-13 03:04:03.274+00,2026-06-13 05:04:03.274,124.0545666666666667,"[""HT"", ""HT_PUSH"", ""FT_PUSH""]",f,t,4-1-FT,t,0
1489373,1,qatar,switzerland,FT,1,1,,2026-06-13 19:00:00+00,2026-06-13 21:00:00,2026-06-14 00:11:02.583+00,2026-06-13 21:05:07.433+00,2026-06-13 23:05:07.433,125.1238833333333333,"[""HT"", ""HT_PUSH"", ""FT_PUSH""]",f,t,1-1-FT,t,0
1489371,1,brazil,morocco,FT,1,1,,2026-06-13 22:00:00+00,2026-06-14 00:00:00,2026-06-14 00:11:03.192+00,2026-06-14 00:11:03.192+00,2026-06-14 02:11:03.192,131.0532000000000000,"[""HT"", ""HT_PUSH"", ""FT_PUSH""]",f,t,1-1-FT,t,0
1489372,1,haiti,scotland,FT,0,1,,2026-06-14 01:00:00+00,2026-06-14 03:00:00,2026-06-15 01:05:09.058+00,2026-06-14 03:04:04.591+00,2026-06-14 05:04:04.591,124.0765166666666667,"[""HT"", ""HT_PUSH"", ""FT_PUSH""]",f,t,0-1-FT,t,0
1539001,1,australia,turkiye,FT,2,0,,2026-06-14 04:00:00+00,2026-06-14 06:00:00,2026-06-15 01:05:09.115+00,2026-06-14 05:57:02.442+00,2026-06-14 07:57:02.442,117.0407000000000000,"[""HT"", ""HT_PUSH"", ""FT_PUSH""]",f,t,2-0-FT,t,0
1489374,1,germany,curacao,FT,7,1,,2026-06-14 17:00:00+00,2026-06-14 19:00:00,2026-06-15 01:05:09.205+00,2026-06-14 19:00:06.342+00,2026-06-14 21:00:06.342,120.1057000000000000,"[""HT"", ""HT_PUSH"", ""FT_PUSH""]",f,t,7-1-FT,t,0
1489376,1,netherlands,japan,FT,2,2,,2026-06-14 20:00:00+00,2026-06-14 22:00:00,2026-06-15 01:05:09.262+00,2026-06-14 21:56:05.502+00,2026-06-14 23:56:05.502,116.0917000000000000,"[""HT"", ""HT_PUSH"", ""FT_PUSH""]",f,t,2-2-FT,t,0
1489375,1,ivory_coast,ecuador,FT,1,0,,2026-06-14 23:00:00+00,2026-06-15 01:00:00,2026-06-15 01:05:10.043+00,2026-06-15 01:05:10.043+00,2026-06-15 03:05:10.043,125.1673833333333333,"[""HT"", ""HT_PUSH"", ""FT_PUSH""]",f,t,1-0-FT,t,0
1539002,1,sweden,tunisia,FT,5,1,,2026-06-15 02:00:00+00,2026-06-15 04:00:00,2026-06-16 00:06:04.315+00,2026-06-15 03:58:09.452+00,2026-06-15 05:58:09.452,118.1575333333333333,"[""PREKICK_PUSH"", ""HT"", ""HT_PUSH"", ""FT_PUSH""]",f,t,5-1-FT,t,0
1489380,1,spain,cape_verde,FT,0,0,,2026-06-15 16:00:00+00,2026-06-15 18:00:00,2026-06-16 00:06:04.368+00,2026-06-15 17:57:04.999+00,2026-06-15 19:57:04.999,117.0833166666666667,"[""PREKICK_PUSH"", ""HT"", ""HT_PUSH"", ""FT_PUSH""]",f,t,0-0-FT,t,0
1489377,1,belgium,egypt,FT,1,1,,2026-06-15 19:00:00+00,2026-06-15 21:00:00,2026-06-16 00:06:04.419+00,2026-06-15 20:58:06.474+00,2026-06-15 22:58:06.474,118.1079000000000000,"[""PREKICK_PUSH"", ""HT"", ""HT_PUSH"", ""FT_PUSH""]",f,t,1-1-FT,t,0
1489379,1,saudi_arabia,uruguay,FT,1,1,,2026-06-15 22:00:00+00,2026-06-16 00:00:00,2026-06-16 00:06:05.225+00,2026-06-16 00:06:05.225+00,2026-06-16 02:06:05.225,126.0870833333333333,"[""PREKICK_PUSH"", ""HT"", ""HT_PUSH"", ""FT_PUSH""]",f,t,1-1-FT,t,0
1489378,1,iran,new_zealand,FT,2,2,90,2026-06-16 01:00:00+00,2026-06-16 03:00:00,2026-06-17 00:05:04.511+00,2026-06-16 03:04:03.616+00,2026-06-16 05:04:03.616,124.0602666666666667,"[""PREKICK_PUSH"", ""HT"", ""HT_PUSH"", ""FT_PUSH""]",f,t,2-2-FT,t,0
1489383,1,france,senegal,FT,3,1,90,2026-06-16 19:00:00+00,2026-06-16 21:00:00,2026-06-17 00:05:04.609+00,2026-06-16 21:05:04.448+00,2026-06-16 23:05:04.448,125.0741333333333333,"[""PREKICK_PUSH"", ""HT"", ""HT_PUSH"", ""FT_PUSH""]",f,t,3-1-FT-,t,0
1539016,1,iraq,norway,FT,1,4,90,2026-06-16 22:00:00+00,2026-06-17 00:00:00,2026-06-17 00:05:06.456+00,2026-06-17 00:05:06.456+00,2026-06-17 02:05:06.456,125.1076000000000000,"[""PREKICK_PUSH"", ""HT"", ""HT_PUSH"", ""FT_PUSH""]",f,t,1-4-FT-,t,5
1489381,1,argentina,algeria,FT,3,0,90,2026-06-17 01:00:00+00,2026-06-17 03:00:00,2026-06-18 01:06:03.111+00,2026-06-17 03:01:06.338+00,2026-06-17 05:01:06.338,121.1056333333333333,"[""PREKICK_PUSH"", ""HT"", ""HT_PUSH"", ""FT_PUSH""]",f,t,3-0-FT-,t,3
1489382,1,austria,jordan,FT,3,1,90,2026-06-17 04:00:00+00,2026-06-17 06:00:00,2026-06-18 01:06:03.161+00,2026-06-17 06:09:04.089+00,2026-06-17 08:09:04.089,129.0681500000000000,"[""PREKICK_PUSH"", ""HT"", ""HT_PUSH"", ""FT_PUSH""]",f,t,3-1-FT-,t,4
1539003,1,portugal,congo_dr,FT,1,1,90,2026-06-17 17:00:00+00,2026-06-17 19:00:00,2026-06-18 01:06:03.211+00,2026-06-17 19:00:12.598+00,2026-06-17 21:00:12.598,120.2099666666666667,"[""PREKICK_PUSH"", ""HT"", ""HT_PUSH"", ""FT_PUSH""]",f,t,1-1-FT-,t,2
1489384,1,england,croatia,FT,4,2,90,2026-06-17 20:00:00+00,2026-06-17 22:00:00,2026-06-18 01:06:03.249+00,2026-06-17 22:01:04.494+00,2026-06-18 00:01:04.494,121.0749000000000000,"[""PREKICK_PUSH"", ""HT"", ""HT_PUSH"", ""FT_PUSH""]",f,t,4-2-FT-,t,6
1489385,1,ghana,panama,FT,1,0,90,2026-06-17 23:00:00+00,2026-06-18 01:00:00,2026-06-18 01:06:03.937+00,2026-06-18 01:06:03.937+00,2026-06-18 03:06:03.937,126.0656166666666667,"[""PREKICK_PUSH"", ""HT"", ""HT_PUSH"", ""FT_PUSH""]",f,t,1-0-FT-,t,1
1489386,1,uzbekistan,colombia,FT,1,3,90,2026-06-18 02:00:00+00,2026-06-18 04:00:00,2026-06-19 00:03:03.609+00,2026-06-18 04:03:05.189+00,2026-06-18 06:03:05.189,123.0864833333333333,"[""PREKICK_PUSH"", ""HT"", ""HT_PUSH"", ""FT_PUSH""]",f,t,1-3-FT-,t,4
1539004,1,czech_republic,south_africa,FT,1,1,90,2026-06-18 16:00:00+00,2026-06-18 18:00:00,2026-06-19 00:03:03.676+00,2026-06-18 17:59:03.634+00,2026-06-18 19:59:03.634,119.0605666666666667,"[""PREKICK_PUSH"", ""HT"", ""HT_PUSH"", ""FT_PUSH""]",f,t,1-1-FT-,t,2
1539005,1,switzerland,bosnia_herzegovina,FT,4,1,90,2026-06-18 19:00:00+00,2026-06-18 21:00:00,2026-06-19 00:03:03.735+00,2026-06-18 20:58:05.08+00,2026-06-18 22:58:05.08,118.0846666666666667,"[""PREKICK_PUSH"", ""HT"", ""HT_PUSH"", ""FT_PUSH""]",f,t,4-1-FT-,t,5
1489387,1,canada,qatar,FT,6,0,90,2026-06-18 22:00:00+00,2026-06-19 00:00:00,2026-06-19 00:03:04.585+00,2026-06-19 00:03:04.585+00,2026-06-19 02:03:04.585,123.0764166666666667,"[""PREKICK_PUSH"", ""HT"", ""HT_PUSH"", ""FT_PUSH""]",f,t,6-0-FT-,t,6
1489388,1,mexico,south_korea,FT,1,0,90,2026-06-19 01:00:00+00,2026-06-19 03:00:00,2026-06-20 00:00:31.263+00,2026-06-19 02:57:04.169+00,2026-06-19 04:57:04.169,117.0694833333333333,"[""PREKICK_PUSH"", ""HT"", ""HT_PUSH"", ""FT_PUSH""]",f,t,1-0-FT-,t,1
1489391,1,usa,australia,FT,2,0,90,2026-06-19 19:00:00+00,2026-06-19 21:00:00,2026-06-20 00:00:31.323+00,2026-06-19 21:05:07.277+00,2026-06-19 23:05:07.277,125.1212833333333333,"[""PREKICK_PUSH"", ""HT"", ""HT_PUSH"", ""FT_PUSH""]",f,t,2-0-FT-,t,1
1489390,1,scotland,morocco,FT,0,1,90,2026-06-19 22:00:00+00,2026-06-20 00:00:00,2026-06-20 00:00:32.206+00,2026-06-20 00:00:32.206+00,2026-06-20 02:00:32.206,120.5367666666666667,"[""PREKICK_PUSH"", ""HT"", ""HT_PUSH"", ""FT_PUSH""]",f,t,0-1-FT-,t,1
1489389,1,brazil,haiti,FT,3,0,90,2026-06-20 00:30:00+00,2026-06-20 02:30:00,2026-06-20 23:59:04.797+00,2026-06-20 02:32:08.126+00,2026-06-20 04:32:08.126,122.1354333333333333,"[""PREKICK_PUSH"", ""HT"", ""HT_PUSH"", ""FT_PUSH""]",f,t,3-0-FT-,t,3
1539006,1,turkiye,paraguay,FT,0,1,90,2026-06-20 03:00:00+00,2026-06-20 05:00:00,2026-06-20 23:59:06.572+00,2026-06-20 05:07:02.92+00,2026-06-20 07:07:02.92,127.0486666666666667,"[""PREKICK_PUSH"", ""HT"", ""HT_PUSH"", ""FT_PUSH""]",f,t,0-1-FT-,t,1
1539007,1,netherlands,sweden,FT,5,1,90,2026-06-20 17:00:00+00,2026-06-20 19:00:00,2026-06-20 23:59:07.011+00,2026-06-20 18:58:05.656+00,2026-06-20 20:58:05.656,118.0942666666666667,"[""PREKICK_PUSH"", ""HT"", ""HT_PUSH"", ""FT_PUSH""]",f,t,5-1-FT-,t,6
1489393,1,germany,ivory_coast,FT,2,1,90,2026-06-20 20:00:00+00,2026-06-20 22:00:00,2026-06-20 23:59:07.454+00,2026-06-20 22:01:04.138+00,2026-06-21 00:01:04.138,121.0689666666666667,"[""PREKICK_PUSH"", ""HT"", ""HT_PUSH"", ""FT_PUSH""]",f,t,2-1-FT-,t,3
1489392,1,ecuador,curacao,FT,0,0,90,2026-06-21 00:00:00+00,2026-06-21 02:00:00,2026-06-22 00:05:07.274+00,2026-06-21 01:56:04.361+00,2026-06-21 03:56:04.361,116.0726833333333333,"[""HT"", ""HT_PUSH"", ""FT_PUSH""]",f,t,0-0-FT-,t,0
1489394,1,tunisia,japan,FT,0,4,90,2026-06-21 04:00:00+00,2026-06-21 06:00:00,2026-06-22 00:05:07.399+00,2026-06-21 05:57:04.403+00,2026-06-21 07:57:04.403,117.0733833333333333,"[""PREKICK_PUSH"", ""HT"", ""HT_PUSH"", ""FT_PUSH""]",f,t,0-4-FT-,t,4
1489397,1,spain,saudi_arabia,FT,4,0,90,2026-06-21 16:00:00+00,2026-06-21 18:00:00,2026-06-22 00:05:07.504+00,2026-06-21 18:02:02.775+00,2026-06-21 20:02:02.775,122.0462500000000000,"[""PREKICK_PUSH"", ""HT"", ""HT_PUSH"", ""FT_PUSH""]",f,t,4-0-FT-,t,5
1489395,1,belgium,iran,FT,0,0,90,2026-06-21 19:00:00+00,2026-06-21 21:00:00,2026-06-22 00:05:07.573+00,2026-06-21 21:02:06.537+00,2026-06-21 23:02:06.537,122.1089500000000000,"[""PREKICK_PUSH"", ""HT"", ""HT_PUSH"", ""FT_PUSH""]",f,t,0-0-FT-,t,1
1489398,1,uruguay,cape_verde,FT,2,2,90,2026-06-21 22:00:00+00,2026-06-22 00:00:00,2026-06-22 00:05:08.594+00,2026-06-22 00:05:08.594+00,2026-06-22 02:05:08.594,125.1432333333333333,"[""PREKICK_PUSH"", ""HT"", ""HT_PUSH"", ""FT_PUSH""]",f,t,2-2-FT-,t,4
1489396,1,new_zealand,egypt,FT,1,3,90,2026-06-22 01:00:00+00,2026-06-22 03:00:00,2026-06-23 00:49:04.029+00,2026-06-22 03:02:05.172+00,2026-06-22 05:02:05.172,122.0862000000000000,"[""PREKICK_PUSH"", ""HT"", ""HT_PUSH"", ""FT_PUSH""]",f,t,1-3-FT-,t,4
1489399,1,argentina,austria,FT,2,0,90,2026-06-22 17:00:00+00,2026-06-22 19:00:00,2026-06-23 00:49:04.085+00,2026-06-22 19:03:05.041+00,2026-06-22 21:03:05.041,123.0840166666666667,"[""PREKICK_PUSH"", ""HT"", ""HT_PUSH"", ""FT_PUSH""]",f,t,2-0-FT-,t,2
1539017,1,france,iraq,FT,3,0,90,2026-06-22 21:00:00+00,2026-06-22 23:00:00,2026-06-23 00:49:04.827+00,2026-06-23 00:49:04.827+00,2026-06-23 02:49:04.827,229.0804500000000000,"[""PREKICK_PUSH"", ""HT"", ""HT_PUSH"", ""FT_PUSH""]",f,t,3-0-FT-,t,3
1489401,1,norway,senegal,FT,3,2,90,2026-06-23 00:00:00+00,2026-06-23 02:00:00,2026-06-24 00:55:07.013+00,2026-06-23 02:01:06.107+00,2026-06-23 04:01:06.107,121.1017833333333333,"[""HT"", ""HT_PUSH"", ""FT_PUSH""]",f,t,3-2-FT-,t,5
1489400,1,jordan,algeria,FT,1,2,90,2026-06-23 03:00:00+00,2026-06-23 05:00:00,2026-06-24 00:55:07.048+00,2026-06-23 05:01:04.894+00,2026-06-23 07:01:04.894,121.0815666666666667,"[""PREKICK_PUSH"", ""HT"", ""HT_PUSH"", ""FT_PUSH""]",f,t,1-2-FT-,t,3
1489404,1,portugal,uzbekistan,FT,5,0,90,2026-06-23 17:00:00+00,2026-06-23 19:00:00,2026-06-24 00:55:07.086+00,2026-06-23 19:00:05.844+00,2026-06-23 21:00:05.844,120.0974000000000000,"[""PREKICK_PUSH"", ""HT"", ""HT_PUSH"", ""FT_PUSH""]",f,t,5-0-FT-,t,5
1489402,1,england,ghana,FT,0,0,90,2026-06-23 20:00:00+00,2026-06-23 22:00:00,2026-06-24 00:55:07.123+00,2026-06-23 22:01:05.658+00,2026-06-24 00:01:05.658,121.0943000000000000,"[""PREKICK_PUSH"", ""HT"", ""HT_PUSH"", ""FT_PUSH""]",f,t,0-0-FT-,t,0
1489403,1,panama,croatia,FT,0,1,90,2026-06-23 23:00:00+00,2026-06-24 01:00:00,2026-06-24 00:55:07.735+00,2026-06-24 00:55:07.735+00,2026-06-24 02:55:07.735,115.1289166666666667,"[""PREKICK_PUSH"", ""HT"", ""HT_PUSH"", ""FT_PUSH""]",f,t,0-1-FT-,t,1
1539008,1,colombia,congo_dr,FT,1,0,90,2026-06-24 02:00:00+00,2026-06-24 04:00:00,2026-06-25 00:02:03.769+00,2026-06-24 03:58:04.595+00,2026-06-24 05:58:04.595,118.0765833333333333,"[""PREKICK_PUSH"", ""HT"", ""HT_PUSH"", ""FT_PUSH""]",f,t,1-0-FT-,t,1
1489408,1,switzerland,canada,FT,2,1,90,2026-06-24 19:00:00+00,2026-06-24 21:00:00,2026-06-25 00:02:03.806+00,2026-06-24 20:57:03.71+00,2026-06-24 22:57:03.71,117.0618333333333333,"[""PREKICK_PUSH"", ""HT"", ""HT_PUSH"", ""FT_PUSH""]",f,t,2-1-FT-,t,3
1539009,1,bosnia_herzegovina,qatar,FT,3,1,90,2026-06-24 19:00:00+00,2026-06-24 21:00:00,2026-06-25 00:02:03.842+00,2026-06-24 21:00:06.592+00,2026-06-24 23:00:06.592,120.1098666666666667,"[""PREKICK_PUSH"", ""HT"", ""HT_PUSH"", ""FT_PUSH""]",f,t,3-1-FT-,t,4
1489406,1,scotland,brazil,FT,0,3,90,2026-06-24 22:00:00+00,2026-06-25 00:00:00,2026-06-25 00:02:04.952+00,2026-06-25 00:02:04.952+00,2026-06-25 02:02:04.952,122.0825333333333333,"[""PREKICK_PUSH"", ""HT"", ""HT_PUSH"", ""FT_PUSH""]",f,t,0-3-FT-,t,3
1489405,1,morocco,haiti,FT,4,2,90,2026-06-24 22:00:00+00,2026-06-25 00:00:00,2026-06-25 00:02:04.494+00,2026-06-25 00:02:04.494+00,2026-06-25 02:02:04.494,122.0749000000000000,"[""PREKICK_PUSH"", ""HT"", ""HT_PUSH"", ""FT_PUSH""]",f,t,4-2-FT-,t,6
1489407,1,south_africa,south_korea,FT,1,0,90,2026-06-25 01:00:00+00,2026-06-25 03:00:00,2026-06-26 00:59:03.171+00,2026-06-25 02:58:05.33+00,2026-06-25 04:58:05.33,118.0888333333333333,"[""PREKICK_PUSH"", ""HT"", ""HT_PUSH"", ""FT_PUSH""]",f,t,1-0-FT-,t,1
1539010,1,czech_republic,mexico,FT,0,3,90,2026-06-25 01:00:00+00,2026-06-25 03:00:00,2026-06-26 00:59:03.131+00,2026-06-25 02:58:04.814+00,2026-06-25 04:58:04.814,118.0802333333333333,"[""PREKICK_PUSH"", ""HT"", ""HT_PUSH"", ""FT_PUSH""]",f,t,0-3-FT-,t,3
1489409,1,curacao,ivory_coast,FT,0,2,90,2026-06-25 20:00:00+00,2026-06-25 22:00:00,2026-06-26 00:59:03.256+00,2026-06-25 21:59:02.47+00,2026-06-25 23:59:02.47,119.0411666666666667,"[""PREKICK_PUSH"", ""HT"", ""HT_PUSH"", ""FT_PUSH""]",f,t,0-2-FT-,t,1
1489410,1,ecuador,germany,FT,2,1,90,2026-06-25 20:00:00+00,2026-06-25 22:00:00,2026-06-26 00:59:03.214+00,2026-06-25 22:00:08.582+00,2026-06-26 00:00:08.582,120.1430333333333333,"[""PREKICK_PUSH"", ""HT"", ""HT_PUSH"", ""FT_PUSH""]",f,t,2-1-FT-,t,3
1489412,1,tunisia,netherlands,FT,1,3,90,2026-06-25 23:00:00+00,2026-06-26 01:00:00,2026-06-26 00:59:05.038+00,2026-06-26 00:55:07.237+00,2026-06-26 02:55:07.237,115.1206166666666667,"[""PREKICK_PUSH"", ""HT"", ""HT_PUSH"", ""FT_PUSH""]",f,t,1-3-FT-,t,4
1539011,1,japan,sweden,FT,1,1,90,2026-06-25 23:00:00+00,2026-06-26 01:00:00,2026-06-26 00:59:04.483+00,2026-06-26 00:59:04.483+00,2026-06-26 02:59:04.483,119.0747166666666667,"[""PREKICK_PUSH"", ""HT"", ""HT_PUSH"", ""FT_PUSH""]",f,t,1-1-FT-,t,2
1539012,1,turkiye,usa,FT,3,2,90,2026-06-26 02:00:00+00,2026-06-26 04:00:00,2026-06-26 23:59:02.725+00,2026-06-26 04:03:02.57+00,2026-06-26 06:03:02.57,123.0428333333333333,"[""PREKICK_PUSH"", ""HT"", ""HT_PUSH"", ""FT_PUSH""]",f,t,3-2-FT-,t,5
1489411,1,paraguay,australia,FT,0,0,90,2026-06-26 02:00:00+00,2026-06-26 04:00:00,2026-06-26 23:59:03.043+00,2026-06-26 03:59:02.669+00,2026-06-26 05:59:02.669,119.0444833333333333,"[""PREKICK_PUSH"", ""HT"", ""HT_PUSH"", ""FT_PUSH""]",f,t,0-0-FT-,t,0
1489416,1,norway,france,FT,1,4,90,2026-06-26 19:00:00+00,2026-06-26 21:00:00,2026-06-26 23:59:03.738+00,2026-06-26 21:00:13.311+00,2026-06-26 23:00:13.311,120.2218500000000000,"[""PREKICK_PUSH"", ""HT"", ""HT_PUSH"", ""FT_PUSH""]",f,t,1-4-FT-,t,5
1539074,1,senegal,iraq,FT,5,0,90,2026-06-26 19:00:00+00,2026-06-26 21:00:00,2026-06-26 23:59:03.307+00,2026-06-26 21:05:05.967+00,2026-06-26 23:05:05.967,125.0994500000000000,"[""PREKICK_PUSH"", ""HT"", ""HT_PUSH"", ""FT_PUSH""]",f,t,5-0-FT-,t,5
1489413,1,cape_verde,saudi_arabia,FT,0,0,90,2026-06-27 00:00:00+00,2026-06-27 02:00:00,2026-06-28 01:33:03.368+00,2026-06-27 02:00:09.903+00,2026-06-27 04:00:09.903,120.1650500000000000,"[""HT"", ""HT_PUSH"", ""FT_PUSH""]",f,t,0-0-FT-,t,0
1489417,1,uruguay,spain,FT,0,1,90,2026-06-27 00:00:00+00,2026-06-27 02:00:00,2026-06-28 01:33:03.252+00,2026-06-27 02:02:05.052+00,2026-06-27 04:02:05.052,122.0842000000000000,"[""HT"", ""HT_PUSH"", ""FT_PUSH""]",f,t,0-1-FT-,t,1
1489414,1,egypt,iran,FT,1,1,90,2026-06-27 03:00:00+00,2026-06-27 05:00:00,2026-06-28 01:33:03.41+00,2026-06-27 05:04:06.74+00,2026-06-27 07:04:06.74,124.1123333333333333,"[""PREKICK_PUSH"", ""HT"", ""HT_PUSH"", ""FT_PUSH""]",f,t,1-1-FT-,t,2
1489415,1,new_zealand,belgium,FT,1,5,90,2026-06-27 03:00:00+00,2026-06-27 05:00:00,2026-06-28 01:33:03.552+00,2026-06-27 04:58:02.857+00,2026-06-27 06:58:02.857,118.0476166666666667,"[""PREKICK_PUSH"", ""HT"", ""HT_PUSH"", ""FT_PUSH""]",f,t,1-5-FT-,t,6
1489420,1,croatia,ghana,FT,2,1,90,2026-06-27 21:00:00+00,2026-06-27 23:00:00,2026-06-28 01:33:03.825+00,2026-06-27 22:59:04.159+00,2026-06-28 00:59:04.159,119.0693166666666667,"[""PREKICK_PUSH"", ""HT"", ""HT_PUSH"", ""FT_PUSH""]",f,t,2-1-FT-,t,3
1489422,1,panama,england,FT,0,2,90,2026-06-27 21:00:00+00,2026-06-27 23:00:00,2026-06-28 01:33:03.866+00,2026-06-27 22:56:04.938+00,2026-06-28 00:56:04.938,116.0823000000000000,"[""PREKICK_PUSH"", ""HT"", ""HT_PUSH"", ""FT_PUSH""]",f,t,0-2-FT-,t,1
1539013,1,congo_dr,uzbekistan,FT,3,1,90,2026-06-27 23:30:00+00,2026-06-28 01:30:00,2026-06-28 01:33:04.566+00,2026-06-28 01:33:04.566+00,2026-06-28 03:33:04.566,123.0761000000000000,"[""PREKICK_PUSH"", ""HT"", ""HT_PUSH"", ""FT_PUSH""]",f,t,3-1-FT-,t,4
1489419,1,colombia,portugal,FT,0,0,90,2026-06-27 23:30:00+00,2026-06-28 01:30:00,2026-06-28 01:33:03.905+00,2026-06-28 01:29:05.259+00,2026-06-28 03:29:05.259,119.0876500000000000,"[""PREKICK_PUSH"", ""HT"", ""HT_PUSH"", ""FT_PUSH""]",f,t,0-0-FT-,t,0
1489421,1,jordan,argentina,FT,1,3,90,2026-06-28 02:00:00+00,2026-06-28 04:00:00,2026-06-28 23:59:03.38+00,2026-06-28 03:58:05.548+00,2026-06-28 05:58:05.548,118.0924666666666667,"[""PREKICK_PUSH"", ""HT"", ""HT_PUSH"", ""FT_PUSH""]",f,t,1-3-FT-,t,4
1489418,1,algeria,austria,FT,3,3,90,2026-06-28 02:00:00+00,2026-06-28 04:00:00,2026-06-28 23:59:03.046+00,2026-06-28 04:00:16.352+00,2026-06-28 06:00:16.352,120.2725333333333333,"[""PREKICK_PUSH"", ""HT"", ""HT_PUSH"", ""FT_PUSH""]",f,t,3-3-FT-,t,6
1561329,1,south_africa,canada,FT,0,1,90,2026-06-28 19:00:00+00,2026-06-28 21:00:00,2026-06-28 23:59:03.531+00,2026-06-28 20:58:03.173+00,2026-06-28 22:58:03.173,118.0528833333333333,"[""PREKICK_PUSH"", ""HT"", ""HT_PUSH"", ""FT_PUSH""]",f,t,0-1-FT-,t,1
1562344,1,brazil,japan,FT,2,1,90,2026-06-29 17:00:00+00,2026-06-29 19:00:00,2026-06-29 23:59:01.619+00,2026-06-29 19:03:02.468+00,2026-06-29 21:03:02.468,123.0411333333333333,"[""PREKICK_PUSH"", ""HT"", ""HT_PUSH"", ""FT_PUSH""]",f,t,2-1-FT-,t,3
1565176,1,germany,paraguay,PEN,1,1,120,2026-06-29 20:30:00+00,2026-06-29 22:30:00,2026-06-29 23:59:01.966+00,2026-06-29 23:30:06.785+00,2026-06-30 01:30:06.785,180.1130833333333333,"[""PREKICK_PUSH"", ""HT"", ""HT_PUSH"", ""FT_PUSH""]",f,t,1-1-FT-,t,3
1562345,1,netherlands,morocco,PEN,1,1,120,2026-06-30 01:00:00+00,2026-06-30 03:00:00,2026-06-30 23:59:02.194+00,2026-06-30 03:54:02.257+00,2026-06-30 05:54:02.257,174.0376166666666667,"[""PREKICK_PUSH"", ""HT"", ""HT_PUSH"", ""FT_PUSH""]",f,t,1-1-FT-,t,2
1564789,1,ivory_coast,norway,FT,1,2,90,2026-06-30 17:00:00+00,2026-06-30 19:00:00,2026-06-30 23:59:02.574+00,2026-06-30 18:59:02.137+00,2026-06-30 20:59:02.137,119.0356166666666667,"[""PREKICK_PUSH"", ""HT"", ""HT_PUSH"", ""FT_PUSH""]",f,t,1-2-FT-,t,2
1565177,1,france,sweden,FT,3,0,90,2026-06-30 21:00:00+00,2026-06-30 23:00:00,2026-06-30 23:59:02.962+00,2026-06-30 22:54:04.104+00,2026-07-01 00:54:04.104,114.0684000000000000,"[""PREKICK_PUSH"", ""HT"", ""HT_PUSH"", ""FT_PUSH""]",f,t,3-0-FT-,t,3
1567306,1,mexico,ecuador,FT,2,0,90,2026-07-01 01:00:00+00,2026-07-01 03:00:00,2026-07-01 23:59:04.815+00,2026-07-01 04:02:04.103+00,2026-07-01 06:02:04.103,182.0683833333333333,"[""PREKICK_PUSH"", ""HT"", ""HT_PUSH"", ""FT_PUSH""]",f,t,2-0-FT-,t,2
1567307,1,england,congo_dr,FT,2,1,90,2026-07-01 16:00:00+00,2026-07-01 18:00:00,2026-07-01 23:59:05.589+00,2026-07-01 18:01:02.792+00,2026-07-01 20:01:02.792,121.0465333333333333,"[""PREKICK_PUSH"", ""HT"", ""HT_PUSH"", ""FT_PUSH""]",f,t,2-1-FT-,t,3
1567308,1,belgium,senegal,AET,3,2,120,2026-07-01 20:00:00+00,2026-07-01 22:00:00,2026-07-01 23:59:06.234+00,2026-07-01 22:51:02.844+00,2026-07-02 00:51:02.844,171.0474000000000000,"[""PREKICK_PUSH"", ""HT"", ""HT_PUSH"", ""FT_PUSH""]",f,t,3-2-FT-,t,5
1562586,1,usa,bosnia_herzegovina,FT,2,0,90,2026-07-02 00:00:00+00,2026-07-02 02:00:00,2026-07-03 01:10:05.729+00,2026-07-02 02:07:03.122+00,2026-07-02 04:07:03.122,127.0520333333333333,"[""HT"", ""HT_PUSH"", ""FT_PUSH""]",f,t,2-0-FT-,t,2
1567311,1,spain,austria,FT,3,0,90,2026-07-02 19:00:00+00,2026-07-02 21:00:00,2026-07-03 01:10:05.814+00,2026-07-02 20:59:02.31+00,2026-07-02 22:59:02.31,119.0385000000000000,"[""PREKICK_PUSH"", ""HT"", ""HT_PUSH"", ""FT_PUSH""]",f,t,3-0-FT-,t,3
1567309,1,portugal,croatia,FT,2,1,90,2026-07-02 23:00:00+00,2026-07-03 01:00:00,2026-07-03 01:10:05.991+00,2026-07-03 01:10:05.991+00,2026-07-03 03:10:05.991,130.0998500000000000,"[""PREKICK_PUSH"", ""HT"", ""HT_PUSH"", ""FT_PUSH""]",f,t,2-1-FT-,t,4
1567312,1,switzerland,algeria,FT,2,0,90,2026-07-03 03:00:00+00,2026-07-03 05:00:00,2026-07-04 00:45:10.133+00,2026-07-03 04:57:03.751+00,2026-07-03 06:57:03.751,117.0625166666666667,"[""PREKICK_PUSH"", ""HT"", ""HT_PUSH"", ""FT_PUSH""]",f,t,2-0-FT-,t,2
1565178,1,australia,egypt,PEN,1,1,120,2026-07-03 18:00:00+00,2026-07-03 20:00:00,2026-07-04 00:45:10.231+00,2026-07-03 20:53:02.656+00,2026-07-03 22:53:02.656,173.0442666666666667,"[""PREKICK_PUSH"", ""HT"", ""HT_PUSH"", ""FT_PUSH""]",f,t,1-1-FT-,t,2
1565179,1,argentina,cape_verde,AET,3,2,120,2026-07-03 22:00:00+00,2026-07-04 00:00:00,2026-07-04 00:45:10.44+00,2026-07-04 00:45:10.44+00,2026-07-04 02:45:10.44,165.1740000000000000,"[""PREKICK_PUSH"", ""HT"", ""HT_PUSH"", ""FT_PUSH""]",f,t,3-2-FT-,t,5
1567310,1,colombia,ghana,FT,1,0,90,2026-07-04 01:30:00+00,2026-07-04 03:30:00,2026-07-04 23:59:02.629+00,2026-07-04 03:33:03.418+00,2026-07-04 05:33:03.418,123.0569666666666667,"[""PREKICK_PUSH"", ""HT"", ""HT_PUSH"", ""FT_PUSH""]",f,t,1-0-FT-,t,2
1567824,1,canada,morocco,FT,0,3,90,2026-07-04 17:00:00+00,2026-07-04 19:00:00,2026-07-04 23:59:02.846+00,2026-07-04 19:05:05.686+00,2026-07-04 21:05:05.686,125.0947666666666667,"[""PREKICK_PUSH"", ""HT"", ""HT_PUSH"", ""FT_PUSH""]",f,t,0-3-FT-,t,3
1569870,1,paraguay,france,FT,0,1,90,2026-07-04 21:00:00+00,2026-07-04 23:00:00,2026-07-04 23:59:03.477+00,2026-07-04 23:05:03.781+00,2026-07-05 01:05:03.781,125.0630166666666667,"[""PREKICK_PUSH"", ""HT"", ""HT_PUSH"", ""FT_PUSH""]",f,t,0-1-FT-,t,0
1568100,1,brazil,norway,FT,1,2,90,2026-07-05 20:00:00+00,2026-07-05 22:00:00,2026-07-05 23:59:03.281+00,2026-07-05 22:05:05.75+00,2026-07-06 00:05:05.75,125.0958333333333333,"[""PREKICK_PUSH"", ""HT"", ""HT_PUSH"", ""FT_PUSH""]",f,t,1-2-FT-,t,3
1570714,1,mexico,england,FT,2,3,90,2026-07-06 01:00:00+00,2026-07-06 03:00:00,2026-07-06 23:59:05.149+00,2026-07-06 03:06:03.961+00,2026-07-06 05:06:03.961,126.0660166666666667,"[""HT"", ""HT_PUSH"", ""FT_PUSH""]",f,t,2-3-FT-,t,5
1576756,1,portugal,spain,FT,0,1,90,2026-07-06 19:00:00+00,2026-07-06 21:00:00,2026-07-06 23:59:05.877+00,2026-07-06 21:02:04.103+00,2026-07-06 23:02:04.103,122.0683833333333333,"[""PREKICK_PUSH"", ""HT"", ""HT_PUSH"", ""FT_PUSH""]",f,t,0-1-FT-,t,1
1570715,1,usa,belgium,FT,1,4,90,2026-07-07 00:00:00+00,2026-07-07 02:00:00,2026-07-07 23:59:03.4+00,2026-07-07 01:59:02.934+00,2026-07-07 03:59:02.934,119.0489000000000000,"[""HT"", ""HT_PUSH"", ""FT_PUSH""]",f,t,1-4-FT-,t,5
1576804,1,argentina,egypt,FT,3,2,90,2026-07-07 16:00:00+00,2026-07-07 18:00:00,2026-07-07 23:59:03.961+00,2026-07-07 18:06:04.112+00,2026-07-07 20:06:04.112,126.0685333333333333,"[""PREKICK_PUSH"", ""HT"", ""HT_PUSH"", ""FT_PUSH""]",f,t,3-2-FT-,t,5
1576805,1,switzerland,colombia,PEN,0,0,120,2026-07-07 20:00:00+00,2026-07-07 22:00:00,2026-07-07 23:59:04.231+00,2026-07-07 22:51:02.629+00,2026-07-08 00:51:02.629,171.0438166666666667,"[""PREKICK_PUSH"", ""HT"", ""HT_PUSH"", ""FT_PUSH""]",f,t,0-0-FT-,t,0
1578539,1,france,morocco,FT,2,0,90,2026-07-09 20:00:00+00,2026-07-09 22:00:00,2026-07-09 23:59:04.205+00,2026-07-09 22:02:02.547+00,2026-07-10 00:02:02.547,122.0424500000000000,"[""PREKICK_PUSH"", ""HT"", ""HT_PUSH"", ""FT_PUSH""]",f,t,2-0-FT-,t,2
1581821,1,spain,belgium,FT,2,1,90,2026-07-10 19:00:00+00,2026-07-10 21:00:00,2026-07-10 23:59:02.141+00,2026-07-10 21:00:06.047+00,2026-07-10 23:00:06.047,120.1007833333333333,"[""PREKICK_PUSH"", ""HT"", ""HT_PUSH"", ""FT_PUSH""]",f,t,2-1-FT-,t,3
1581037,1,norway,england,AET,1,2,120,2026-07-11 21:00:00+00,2026-07-11 23:00:00,2026-07-11 23:59:02.398+00,2026-07-11 23:47:03.992+00,2026-07-12 01:47:03.992,167.0665333333333333,"[""PREKICK_PUSH"", ""HT"", ""HT_PUSH"", ""FT_PUSH""]",f,t,1-2-FT-,t,3
1582681,1,argentina,switzerland,AET,3,1,120,2026-07-12 01:00:00+00,2026-07-12 03:00:00,2026-07-12 23:59:02.037+00,2026-07-12 03:45:05.823+00,2026-07-12 05:45:05.823,165.0970500000000000,"[""PREKICK_PUSH"", ""HT"", ""HT_PUSH"", ""FT_PUSH""]",f,t,3-1-FT-,t,4
1585131,1,france,spain,FT,0,2,90,2026-07-14 19:00:00+00,2026-07-14 21:00:00,2026-07-14 23:59:02.335+00,2026-07-14 21:00:05.487+00,2026-07-14 23:00:05.487,120.0914500000000000,"[""PREKICK_PUSH"", ""HT"", ""HT_PUSH"", ""FT_PUSH""]",f,t,0-2-FT-,t,2
1586077,1,england,argentina,FT,1,2,90,2026-07-15 19:00:00+00,2026-07-15 21:00:00,2026-07-15 23:59:02.865+00,2026-07-15 21:04:04.623+00,2026-07-15 23:04:04.623,124.0770500000000000,"[""PREKICK_PUSH"", ""HT"", ""HT_PUSH"", ""FT_PUSH""]",f,t,1-2-FT-,t,3
1591865,1,france,england,FT,4,6,90,2026-07-18 21:00:00+00,2026-07-18 23:00:00,2026-07-18 23:59:02.179+00,2026-07-18 23:02:04.54+00,2026-07-19 01:02:04.54,122.0756666666666667,"[""PREKICK_PUSH"", ""HT"", ""HT_PUSH"", ""FT_PUSH""]",f,t,4-6-FT-,t,10
1591866,1,spain,argentina,AET,1,0,120,2026-07-19 19:00:00+00,2026-07-19 21:00:00,2026-07-19 23:59:01.467+00,2026-07-19 22:04:04.919+00,2026-07-20 00:04:04.919,184.0819833333333333,"[""PREKICK_PUSH"", ""HT"", ""HT_PUSH"", ""FT_PUSH""]",f,t,1-0-FT-,t,1
1557367,39,arsenal,coventry,ABD,,,,2026-08-21 19:00:00+00,2026-08-21 21:00:00,2026-08-22 05:00:00.25282+00,,,,[],f,f,,t,0
