day_sthlm,status,count,sample_message
2026-08-01,success,23,"
"
2026-08-02,failure,1,"HTTP 400
"
2026-08-02,success,96,"
"
2026-08-03,success,105,"
"
2026-08-04,success,104,"
"
2026-08-05,failure,3,"HTTP 400
"
2026-08-05,success,52,"
"
2026-08-06,failure,1,"HTTP 400
"
2026-08-06,success,113,"
"
2026-08-07,failure,3,"HTTP 400
"
2026-08-07,success,116,"
"
2026-08-08,failure,1,"HTTP 409
"
2026-08-08,success,40,"
"
2026-08-09,failure,2,"HTTP 400
"
2026-08-09,success,89,"
"
2026-08-10,failure,1,"HTTP 400
"
2026-08-10,success,38,"
"
2026-08-11,failure,5,"HTTP 400
"
2026-08-11,success,124,"
"
2026-08-12,failure,1,"HTTP 400
"
2026-08-12,success,103,"
"
2026-08-13,failure,1,"HTTP 400
"
2026-08-13,success,18,"
"
2026-08-14,failure,3,"HTTP 400
"
2026-08-14,success,24,"
"
2026-08-15,success,34,"
"
2026-08-16,failure,2,"HTTP 400
"
2026-08-16,success,32,"
"
2026-08-17,success,52,"
"
2026-08-18,success,102,"
"
2026-08-19,failure,2,"HTTP 400
"
2026-08-19,success,108,"
"
2026-08-20,failure,1,"HTTP 400
"
2026-08-20,success,104,"
"
2026-08-21,failure,1,"HTTP 400
"
2026-08-21,success,57,"
"
2026-08-22,failure,1,"HTTP 400
"
2026-08-22,success,30,"
"
2026-08-23,success,38,"
"
2026-08-24,success,52,"
"
2026-08-25,success,20,"
"
2026-08-26,failure,2,"HTTP 400
"
2026-08-26,success,88,"
"
2026-08-27,failure,2,"HTTP 400
"
2026-08-27,success,91,"
"
2026-08-28,success,21,"
"
2026-08-29,success,36,"
"
