id,team_id,type,created_sthlm,everyone_talking_headline,headline
37aa25a8-7b6a-4ef6-8c51-e139ce0448de,chelsea,news,2026-08-01 08:48:28.618633,Cole Palmer (Chelsea midfielder) had a quiet summer while England played. His first pre-season test is today against Spurs.,Cole Palmer (Chelsea midfielder) had a quiet summer while England played at the tournament. He faces Spurs in a pre-season friendly this morning at 09:45.
9a7c0b9f-c0a2-412e-8307-0bcf74a03435,spurs,news,2026-08-01 08:49:13.15158,Tottenham have spent £237m this summer. Manager Roberto De Zerbi says there's no sign of slowing down.,Spurs have spent £237m this summer and manager De Zerbi says he's not done. First test: Chelsea this morning at 09:45.
72e704e8-9c28-4b64-89a5-6e89546ea259,brazil,news,2026-08-02 00:46:48.172294,"Vinicius Junior could leave Real Madrid if contract talks break down, according to sources.","Real Madrid winger Vinicius Junior could leave the club if contract talks break down, according to sources."
b4d11e46-19be-418d-81bc-05723c2d7d77,brentford,news,2026-08-02 00:49:08.501398,"Brentford sign Mali midfielder Mamadou Sangare from Lens for a reported £39m, a club record fee.",Brentford have signed Mali midfielder Mamadou Sangare from Lens for a reported club record £39m. Biggest signing in the club's history.
41d5d4e3-2045-443c-bc3f-73fd18a63151,chelsea,news,2026-08-02 00:53:59.016298,Spurs beat Chelsea 1-2 in pre-season despite finishing with 10 men. Richarlison scored the winner.,Chelsea lost 1-2 to Spurs in their Sydney pre-season friendly. Richarlison scored the winner for 10-man Spurs.
181f70f1-936b-41d5-91d2-4266fe43ea00,spurs,news,2026-08-02 00:56:54.786397,10-man Spurs beat Chelsea 2-1 in Sydney. Richarlison scored and De Zerbi says he wants to keep him.,Spurs beat Chelsea 2-1 in Sydney with 10 men. Richarlison scored and De Zerbi says he wants to keep him despite transfer speculation.
d71fbf89-2c32-4f45-9a53-1c8749f5ed9a,west_ham,news,2026-08-02 00:57:44.417985,Gold family agrees to sell West Ham stake to Staveley-led consortium. New era begins at the club.,The Gold family have agreed to sell their 25.1% West Ham stake to a consortium led by Amanda Staveley.
4865f378-4363-4d28-9d57-111870588d49,liverpool,news,2026-08-02 08:43:02.769791,"Liverpool's Iraola needs defenders with three weeks to go. 'Faster, faster' is his motto.","Liverpool's new manager Iraola is in a hurry. 'Faster, faster' is his pre-season mantra. Three weeks until the season, and he still needs defenders."
b2b1cce8-659f-42dc-8161-0e5f2d3b94b2,arsenal,news,2026-08-02 08:48:00.445713,Man Utd reportedly checking whether Arsenal would sell Lewis-Skelly. No offer made.,"Manchester United are reportedly checking whether Arsenal would be open to selling Myles Lewis-Skelly. No formal offer made, just an early inquiry."
70be08ad-2eba-40e8-835c-9b12d502e60b,chelsea,news,2026-08-03 00:47:42.268708,Chelsea sign Argentina left-back Valentín Barco from Strasbourg on a seven-year deal.,Chelsea sign Argentina left-back Valentín Barco from Strasbourg on a seven-year deal.
7d476df9-8a87-40d7-adc7-3e7c86e4a41e,liverpool,news,2026-08-03 00:50:51.80042,Liverpool led Leeds 2-0 at half-time in their US pre-season tour and lost 4-2.,Liverpool led Leeds 2-0 at half-time in their pre-season US tour. They lost 4-2.
a6165c58-aa98-4f28-91f1-1f00c4c03ffa,argentina,news,2026-08-03 08:46:42.487651,Messi played his first game for Inter Miami since Argentina lost the World Championship final last month. Miami drew 2-2 with Columbus.,"Messi (Argentina captain) returned to Inter Miami this weekend, first game since the World Championship final last month. Miami drew 2-2 with Columbus."
4017be47-28da-42de-89af-55187ff7a296,arsenal,news,2026-08-04 00:44:45.802834,Newcastle reject Arsenal's opening bid for captain Bruno Guimarães.,Arsenal had their first bid for Bruno Guimarães (Newcastle midfielder and captain) rejected today. Newcastle turned down an offer of around £70m.
0a084a27-5020-4445-a4e7-0a03eaa805ad,chelsea,news,2026-08-04 00:46:25.087423,Chelsea sign former Liverpool captain Jordan Henderson on a free. Trevoh Chalobah sold to Como.,Chelsea signed former Liverpool captain Jordan Henderson on a free. They also sold defender Trevoh Chalobah to Como for around £27.5m.
6bcb8e76-b641-49c4-a5d6-8900a1e1c4a2,fulham,news,2026-08-04 00:46:55.822304,Fulham sign Gonzalo Garcia and Cesar Palacios from Real Madrid. Both on five-year deals.,"Fulham have signed two Real Madrid players in one day: striker Gonzalo Garcia and Cesar Palacios, both on five-year deals."
0022f3c1-0cc7-4737-9e3a-0794d6acd769,newcastle,news,2026-08-04 00:47:55.710374,Newcastle sign Lukas Hornicek from Braga for £25.7m as post-Eddie Howe rebuild begins.,"Newcastle have signed goalkeeper Lukas Hornicek from Braga for £25.7m. Their rebuild is under way, three days after Eddie Howe's departure."
c552000e-4eb3-4287-9979-cd866b2835ce,arsenal,news,2026-08-04 08:40:44.304888,"Real Madrid resuming talks with Vinicius Jr, with Arsenal reportedly monitoring the situation.","Real Madrid are reportedly resuming talks with Vinicius Jr this week, with Arsenal reportedly waiting in the wings."
e658a126-a80a-4a7a-80a0-f18ce6f658ff,aston_villa,news,2026-08-04 08:44:35.312349,Europa League winners Aston Villa face Champions League winners PSG in the UEFA Super Cup on 12 August.,"Aston Villa, Europa League winners, face PSG (Champions League winners) in the UEFA Super Cup on 12 August. European royalty, both of them."
6c87fc56-38a4-4803-be2d-c105c66ea8de,newcastle,news,2026-08-04 08:51:39.369833,Newcastle reject Arsenal's £70m opening bid for captain Bruno Guimarães. He turned up at training.,Newcastle captain Bruno Guimarães (Brazil midfielder) is at training this week. The club turned down a £70m Arsenal bid for him.
aa02e83f-f451-4beb-837a-af36c4d17ed5,liverpool,news,2026-08-05 00:48:44.498021,Mohamed Salah set to join Turkish club Trabzonspor after leaving Liverpool,"Mohamed Salah, who left Liverpool after nine years, is in talks to sign for Turkish club Trabzonspor. Medical expected on Wednesday."
f7b0bbef-3c39-4b9b-852b-6c9900a34c45,arsenal,news,2026-08-05 08:37:45.528118,"Arsenal reportedly agreed a deal for Bruno Guimarães (Newcastle midfielder and captain) for around £80m, after having an earlier bid rejected.",Arsenal reportedly agreed an £80m deal to sign Guimarães (Newcastle midfielder and captain). He's waiting for the green light to travel and complete the move.
6441b281-cc5e-4f42-a494-e8ae2f0f1427,liverpool,news,2026-08-05 08:42:21.372945,"Liverpool reportedly targeting PSG winger Bradley Barcola for around £100m, which would make him their third nine-figure signing of the summer.",Liverpool are reportedly preparing to make Bradley Barcola (France and PSG winger) their third £100m signing of the summer.
620f063b-4d70-49e1-966f-8241a8ed8baf,man_city,news,2026-08-05 08:43:21.500665,"Barcelona reportedly want to sign Rodri from Manchester City, and are said to be ahead of Real Madrid in the chase.",Barcelona are reportedly looking to sign Rodri (Man City's midfielder) ahead of Real Madrid in the race to sign him.
f0098e61-c294-46ed-b39f-ac2515b24a23,arsenal,news,2026-08-06 00:42:26.206602,Arsenal agree £75m deal for Newcastle captain Bruno Guimarães. He's on his way to complete the move.,Arsenal agree £75m for Bruno Guimarães (Newcastle's captain). He's been given permission to travel and complete the move.
1603a757-c15a-4963-8263-2b3a269637a4,brazil,news,2026-08-06 00:46:36.067914,"Real Madrid make Vinicius Jr improved contract offer, fending off Arsenal's interest.","Real Madrid have made Vinicius Jr (Brazil's winger) an improved contract offer to keep him, fending off Arsenal's interest."
7754680a-559c-460a-b3f9-19a5ba819d1a,canada,news,2026-08-06 00:47:10.35515,Canada PM says he's lost confidence in FIFA President Infantino.,Canada's PM Mark Carney says he has lost confidence in FIFA's Gianni Infantino after the World Championship backlash.
d6776ae9-5726-4fdb-9830-dd2f58e2887c,chelsea,news,2026-08-06 00:47:36.5862,Mykhailo Mudryk returns to action for Chelsea after 20-month doping ban in pre-season friendly vs Juventus.,Mykhailo Mudryk (Chelsea winger) made an emotional comeback after a 20-month doping ban. Chelsea lost 0-1 to Juventus in a Hong Kong pre-season friendly.
d4d9b47c-2052-4a77-8239-83ff4e8e1bf6,egypt,news,2026-08-06 00:47:46.352072,"Mohamed Salah set to join Trabzonspor, given hero's welcome by Egypt.","Mohamed Salah (Egypt captain and former Liverpool forward) is set to join Turkish club Trabzonspor, and was given a hero's welcome before the move."
7bfc21e9-7796-4bd8-99dc-d887f676433f,france,news,2026-08-06 00:48:43.455286,Liverpool reportedly ready to make France winger Barcola their third £100m signing.,Liverpool are reportedly ready to make Bradley Barcola (France and PSG winger) their third £100m signing this summer.
0bdaf6ed-1dba-4593-ae8a-ba3b5571c114,liverpool,news,2026-08-06 00:55:25.678467,Mohamed Salah's new book extract published: 'Chasing a dream I had to reach',Mohamed Salah opens up on sacrifice and determination in Guardian book extract: 'Chasing a dream I had to reach'
404ebfe0-14e3-46ed-8e65-ecbe76917061,newcastle,news,2026-08-06 01:00:02.505722,Bruno Guimarães leaves Newcastle for Arsenal in a confirmed £75m deal,Bruno Guimarães given permission to leave Newcastle and complete his £75m move to Arsenal
64d4ae26-d720-410a-9420-21d0b6fd0f23,liverpool,news,2026-08-06 08:48:34.126313,Mohamed Salah set to officially sign for Trabzonspor after arriving to a hero welcome in Turkey.,Mohamed Salah (former Liverpool forward) has been given a hero welcome in Turkey as Trabzonspor prepare to officially confirm his signing.
b3fbc858-6d8c-482a-aca7-1f90e399744a,argentina,news,2026-08-07 00:50:34.290258,Argentina declared 15 July a national holiday to mark the World Championship semi-final win over England.,Argentina declared 15 July a national football holiday. The AFA is making sure no one forgets the 2-1 win over England in the World Championship semi-final.
1a847bb7-3683-4047-a050-00dbd135bc71,brazil,news,2026-08-07 00:50:53.256742,"Vinicius Jr agreed a six-year deal to stay at Real Madrid, ending Arsenal's summer pursuit.",Vinicius Jr (Brazil's winger) and Real Madrid have agreed a new six-year deal. Arsenal's summer pursuit is officially over.
8569ae48-e695-475d-aa62-6eb1d2db1aaa,arsenal,news,2026-08-07 00:51:21.539571,"Vinicius Jr signs new six-year deal with Real Madrid, ending speculation over his future.","Vinicius Jr has signed a new six-year deal with Real Madrid, ending Arsenal's hopes of signing the Brazil winger this summer."
f3452811-56a1-4517-93a4-d657901c9e25,egypt,news,2026-08-07 00:51:30.637704,"Mohamed Salah signed a two-year deal with Trabzonspor, earning £14.5m a season.","Mohamed Salah (Egypt's captain) signed a two-year deal with Trabzonspor. £14.5m a season, and he chose Turkey over Saudi Arabia."
484b48d6-f020-4721-90fd-7d3f9a9258b4,ivory_coast,news,2026-08-07 00:51:52.580917,Real Madrid signed Ivory Coast's Yan Diomande for up to £120m. He's 19 and the most expensive African player in history.,Real Madrid signed Ivory Coast's Yan Diomande from RB Leipzig for up to £120m. He's 19 and became the most expensive African player in history.
6bc7ebf9-c7f9-4242-a1ea-2a3c59a6ec4e,spain,news,2026-08-07 00:53:05.213756,"Spain's World Championship captain Rodri could leave Man City for £60m, with Real Madrid and Barcelona both reportedly interested.",Rodri (Spain's World Championship-winning captain) could leave Man City for £60m. Real Madrid and Barcelona are both reportedly interested.
8f2099c1-9f82-436d-bdf2-8506d56eb708,man_city,news,2026-08-07 00:55:03.440148,James Trafford joins Leeds from Man City in a deal worth up to £45m.,"Manchester City have sold goalkeeper James Trafford to Leeds United in a deal worth up to £45m, with a 20 per cent sell-on clause in the agreement."
bc000aec-a95a-49c6-b01c-80f4e3fffa71,chelsea,news,2026-08-07 08:43:24.910893,Chelsea have 41 players in their squad with 25 days left in the transfer window.,Chelsea have 41 players in their first-team squad with 25 days left in the transfer window to trim it down.
9a2b3a1f-2f5a-4046-aba0-235756ea8541,liverpool,news,2026-08-07 08:46:06.893415,Tottenham are reportedly interested in Liverpool forward Cody Gakpo.,Tottenham are reportedly interested in Liverpool forward Cody Gakpo. BBC Sport ran an analysis on whether it could happen.
dcc8ebdc-9ac3-4f6e-babd-8fad590fee6e,man_city,news,2026-08-07 08:47:43.096235,Rodri has reportedly given Barcelona the green light to open talks with Man City.,Rodri (Man City midfielder) has reportedly given Barcelona the green light to start talks. City are said to be willing to sell for around £60m.
936c6c9f-1bb6-465d-9b46-c39676ed5d9e,man_utd,news,2026-08-08 00:57:52.4377,"Barcelona didn't buy Rashford, now his future is anyone's guess","Marcus Rashford's loan spell at Barcelona is over, the club declined to make it permanent, leaving his future wide open"
a910ba56-1bbf-47a7-81ff-3c84a5054230,arsenal,news,2026-08-08 08:40:20.455325,"Newcastle never planned to sell Guimarães, but their captain begged to join Arsenal","Newcastle chief Ross Wilson: the club never planned to sell Guimarães (Arsenal's new midfielder), but he was 'very emotional' about wanting to join."
c848294b-75a2-41f4-82b3-870476752d5a,chelsea,news,2026-08-08 08:44:09.59917,Man City reportedly exploring Enzo Fernandez deal from Chelsea to replace Rodri,Man City are reportedly exploring a deal for Enzo Fernandez (Chelsea midfielder) to replace Rodri at the Etihad. Nothing confirmed yet.
1fe8599e-e6db-4167-91b6-e3a690ca4fd4,man_city,news,2026-08-08 08:48:06.477405,"Man City reject Barcelona's £38.5m Rodri bid, demand more than £60m",Man City reject Barcelona's £38.5m bid for Rodri (City's Spanish midfield captain). City want more than £60m before they'll let him go.
d2b18612-6345-4549-8022-92492c49a477,argentina,news,2026-08-08 08:49:14.636808,Tottenham captain Romero in Atletico Madrid talks after Arsenal bid rejected.,"Cristian Romero (Argentina's World Championship defender) is in talks to join Atletico Madrid, after Spurs rejected Arsenal's approach for him."
e1e81d8f-baf7-465e-a29a-729791a37a05,uruguay,news,2026-08-08 08:50:59.734917,Liverpool close to signing Uruguay defender Araujo on loan from Barcelona.,"Liverpool are reportedly close to signing Uruguay World Championship defender Ronald Araujo on loan from Barcelona, with an option to buy."
513a591f-c6a8-4a40-9b98-7af7c732b3c7,spurs,news,2026-08-08 08:53:21.503731,Tottenham rejected Arsenal's approach for Romero before opening Atletico talks,Tottenham categorically rejected Arsenal's approach for captain Cristian Romero (Spurs defender) and are now in talks to sell him to Atletico Madrid instead.
fcf94da1-a6d1-47fb-95bd-28524734062f,wolves,news,2026-08-09 00:55:36.325534,Wolves legend Phil Parkes has died aged 79,"Phil Parkes, Wolves legend and former Wolverhampton Wanderers goalkeeper, has died aged 79"
46a1721a-2e68-4d48-ae49-5187ba38e667,arsenal,news,2026-08-10 00:40:23.46225,"Arsenal shipped six goals in two pre-season games, raising defensive concerns ahead of the Community Shield.","Arsenal lost 2-3 to Dortmund today. Six goals in two pre-season games, with the Community Shield against City next Sunday."
bd56a5cc-7430-4685-a3b6-2a008f3ae32a,aston_villa,news,2026-08-10 00:43:28.099017,Aston Villa sold left-back Digne to PSG days before facing them in the UEFA Super Cup.,"Lucas Digne (Villa's French left-back) completed a move to PSG, days before Villa face PSG in Wednesday's UEFA Super Cup."
ebacf8de-ec61-476f-87fe-174e1c1aece8,portugal,news,2026-08-10 00:48:17.434821,Mourinho criticises Real Madrid's Bernardo Silva for returning to pre-season out of shape,Bernardo Silva (Real Madrid's summer signing) came back to pre-season out of shape. New boss Jose Mourinho has said so publicly and expects improvement.
d6bd234d-b22e-48eb-8531-d7921e4fb26e,arsenal,news,2026-08-10 08:46:54.850055,Arsenal head into 2026-27 as defending champions. Their rivals all changed managers. Can they go back-to-back for the first time in over 90 years?,Arsenal are defending champions. All their rivals changed managers. They kept theirs and signed Guimarães (midfielder). First back-to-back in over 90 years?
680c64dd-d085-467a-8610-cf6c09fae11f,egypt,news,2026-08-10 08:53:03.110998,"Mo Salah, formerly of Liverpool, has signed for Trabzonspor in Turkey.","Egypt striker Mo Salah, formerly of Liverpool, has signed for Trabzonspor. The deal started as the club's president watched Egypt at the World Championship."
0bf4715a-c80e-4bf7-b34a-c59f50c4be50,crystal_palace,news,2026-08-11 00:44:42.316673,"Palace and Everton complete winger swap: McNeil to Crystal Palace, Johnson to Everton.","Crystal Palace and Everton agreed a swap deal: Dwight McNeil (Everton winger) joins Palace, Brennan Johnson (Wales winger) goes to Everton."
9408574f-2e50-4c9a-a988-c40c08d083a6,crystal_palace,news,2026-08-11 00:45:19.751893,"Forest owner Marinakis sues Crystal Palace in High Court over fan banner. Palace fined £50,000 by FA for same incident.","Forest owner Marinakis is suing Crystal Palace in the High Court over a fan banner. Palace already fined £50,000 by the FA for the same incident."
2442eecd-7f5c-485b-9fbd-738c05c602f8,liverpool,news,2026-08-11 00:49:41.678662,"Jeff Bezos consortium advancing talks to buy 30% of Liverpool for around £1.35bn, per BBC Sport and Guardian.",Jeff Bezos (Amazon founder) is part of a consortium advancing talks to buy a 30% stake in Liverpool for around £1.35bn.
6543bef7-8f62-49de-ace1-aea61cc2fab0,man_city,news,2026-08-11 00:51:15.466715,Man City closing in on £85m Bouaddi from Lille. Morocco midfielder has reportedly agreed terms.,"Man City are closing in on Bouaddi (Morocco midfielder, Lille). The Guardian reports he has agreed terms, with a fee of around £85m expected."
19f1e04a-ab0b-48b2-8c97-ca57522f3a2e,morocco,news,2026-08-11 00:55:39.938556,"Man City closing in on 18-year-old Morocco midfielder Bouaddi for around £85m, with personal terms agreed.","Manchester City are closing in on 18-year-old Morocco midfielder Ayyoub Bouaddi from Lille, with personal terms agreed and a deal worth around £85m."
abe87ed9-9103-4f66-8473-dcda97dff86c,man_utd,news,2026-08-11 00:55:57.432115,"Mourinho reveals he was set to replace Ferguson at Man Utd in 2013, before changing his mind for Chelsea","José Mourinho signed a contract to replace Ferguson at Man Utd in 2013, then backed out and returned to Chelsea"
0e577035-75a2-4ab6-9ba6-833863afe23b,nottm_forest,news,2026-08-11 00:59:17.73308,Forest owner Marinakis sues Crystal Palace for defamation over gun banner targeting Gibbs-White,Nottingham Forest owner Marinakis sues Crystal Palace for defamation over last season's gun banner depicting him with Gibbs-White
db5855fc-9a24-4854-ba62-710e3343b77d,uruguay,news,2026-08-11 00:59:47.067592,"Liverpool confirmed the signing of Barcelona's Ronald Araújo on a season-long loan, with a €55m option to buy.",Liverpool confirmed the signing of Uruguay defender Ronald Araújo on a season-long loan from Barcelona. There's a €55m option to buy at the end.
f02e7342-6114-49e8-ae7a-b4530a070104,spain,news,2026-08-11 08:45:10.207395,Rodri is reportedly expected to leave Man City for Barcelona after leading Spain to World Championship glory.,"Rodri (Spain's World Championship winner) is expected to leave Man City for Barcelona, with Barcelona reportedly set to make an improved bid."
25633660-1986-40bb-8710-29cd3ba892a5,man_city,news,2026-08-11 09:02:04.676593,Everyone is asking: who is Maresca?,"Enzo Maresca is Manchester City's new manager, replacing Pep Guardiola. He already has a captaincy call to make before the season begins."
bc506944-f0bb-4d82-9b76-6b4dc929447d,newcastle,news,2026-08-11 09:02:21.323126,Newcastle fans are gutted about Guimaraes,Newcastle have sold Bruno Guimaraes to Arsenal for £75m. The Brazil midfielder was one of their best ever signings before heading to the Emirates.
3fafe6d6-3a38-4983-afa5-b152ef4fc68b,arsenal,news,2026-08-12 00:38:18.107398,Arsenal reportedly offering teenager Lewis-Skelly to Man United and Chelsea.,"Arsenal are reportedly shopping Lewis-Skelly (19-year-old left-back) around. Man United have been offered him, Chelsea have enquired."
dbe46ebb-8357-442d-b51a-810e640f0e27,aston_villa,news,2026-08-12 00:40:06.979339,"Aston Villa face PSG in the UEFA Super Cup in Salzburg tomorrow, with Emery bullish despite Villa's summer squad changes.","Emery (Villa's manager) vowed Villa are moving forward despite the squad upheaval, as they head to Salzburg for the UEFA Super Cup against PSG tomorrow."
3a947879-e945-4f99-9b1a-c51d999aeaae,liverpool,news,2026-08-12 00:49:26.374137,Liverpool reportedly agree terms with PSG's Barcola as manager stays tight-lipped.,"Liverpool reportedly agreed terms with PSG's Bradley Barcola (winger), while PSG's manager Luis Enrique stayed tight-lipped on the situation."
597d43e6-7234-4af2-9a82-460616dc6ecb,liverpool,news,2026-08-12 00:49:45.330327,Liverpool fans push back on Bezos deal after BBC analysis says it won't boost spending power.,Liverpool fans are pushing back on the Jeff Bezos investment deal. The BBC says it won't make a marked difference to Liverpool's spending power.
44af8b9c-6a99-4350-80e4-7bbe9dc740fd,man_city,news,2026-08-12 00:51:02.942373,Maresca explains why Haaland won't be Manchester City's new captain.,"Maresca (City's new manager) explained why Haaland won't be the new captain. Bernardo Silva left this summer, so someone else is stepping up."
5b9603db-22a5-4447-9e23-58b15ab8976d,arsenal,news,2026-08-13 00:39:20.94955,Arsenal vs Man City in Sunday's Community Shield in Cardiff. First trophy of the 2026-27 season.,Arsenal face Man City in Sunday's Community Shield at Cardiff. The season starts here.
f4859821-50cc-4b95-a28a-e379382dbc6b,aston_villa,news,2026-08-13 00:41:17.508322,PSG beat Aston Villa 2-1 in the UEFA Super Cup final. Doue scored the late winner.,"Aston Villa lost 2-1 to PSG in tonight's UEFA Super Cup final. Kvaratskhelia scored first, a 17-year-old equalised, then Doue won it late."
6924aa38-0b84-4aca-be2a-cbdf2a4a8d86,everton,news,2026-08-13 00:45:45.842198,Everton striker Sherif charged with 61 alleged bets on football matches by the FA.,Everton striker Sherif has been charged by the FA for allegedly placing 61 bets on football matches. A lengthy ban could follow.
dc837fdf-efa4-41f8-9029-7acfca216de9,netherlands,news,2026-08-13 00:54:13.48522,Xavi Hernandez appointed as Netherlands head coach on a four-year deal. First non-Dutch coach since 1978.,Xavi Hernandez (former Barcelona coach) is the new Netherlands head coach on a four-year deal. First non-Dutch boss since 1978.
9c490ff1-8307-41f2-8a3c-255006adbb34,spain,news,2026-08-13 00:54:52.581238,Ferran Torres finalising move from Barcelona to PSG. Given permission to miss training.,Spain's Ferran Torres is finalising a move to PSG. He's been given permission to miss Barcelona training while the deal is completed.
7625ae96-38d0-4e44-8920-7098bb05bd44,liverpool,news,2026-08-13 00:58:42.66518,Arne Slot walks away from Netherlands job talks after Liverpool sacking,"Arne Slot won Liverpool the title then got sacked, now he is turning down the Netherlands job"
191b5ca3-41c3-43d9-aeb5-d9ac9228a691,spurs,news,2026-08-13 01:08:30.702726,Tottenham selling captain Romero to Atletico Madrid for £34.2m,Atletico Madrid agree £34.2m deal for Spurs captain Cristian Romero
6cd12be0-ca13-40e8-bbb1-5f0f61a242b7,arsenal,news,2026-08-14 00:43:55.062324,"Arsenal are inviting offers for Martinelli and Nwaneri, with Galatasaray in discussions.",Arsenal are inviting offers for Martinelli (winger) and Nwaneri (young midfielder). Galatasaray are in talks.
c6068a30-7956-43b9-aacc-b0ae0f2a1f70,aston_villa,news,2026-08-14 00:45:24.819616,Tielemans apologises to Aston Villa fans after claiming Man Utd are a bigger club.,"Tielemans (Villa's ex-midfielder, now at Man Utd) said he'd moved to a bigger club. He's now apologised to Villa fans."
f3955efc-b231-456d-b33c-dea37d33c1c5,chelsea,news,2026-08-14 00:49:41.937139,Chelsea have set a Friday deadline for clubs interested in Enzo Fernandez. The price tag is £120m.,Chelsea have set a Friday deadline for clubs interested in midfielder Enzo Fernandez. They want £120m.
b284c7c6-3e1b-4679-af21-5a57dc473688,fulham,news,2026-08-14 00:51:51.898335,Fulham walked off the pitch in a pre-season friendly. Malaga then scored a penalty into the empty net.,Fulham walked off the pitch during a pre-season friendly with Malaga. Malaga then scored a penalty into the empty net. Fulham's coach Arbeloa was red-carded.
6e6b125c-37fa-48eb-8047-009cecf094d8,france,news,2026-08-14 00:52:24.881472,Zidane names legendary goalkeeper Barthez as France's new goalkeeper coach,"Zidane (France manager) has named goalkeeper legend Barthez as the national team's new goalkeeper coach. Two of French football's greatest, reunited."
65817547-5ba4-4353-99ab-d8b05117572f,leicester,news,2026-08-14 00:53:40.421676,Leicester City are up for sale. Thai owners King Power want more than £200m after 16 years.,"Leicester City are up for sale. Thai owners King Power are hoping to sell the club after 16 years, for more than £200m."
06465788-9265-4813-8861-b5f3350bdbff,man_city,news,2026-08-14 00:56:45.206142,"Man City have sold Tijjani Reijnders to Saudi's Al-Qadsiah for £52m, one year after signing him.",Man City have agreed a £52m deal to sell Tijjani Reijnders (midfielder) to Saudi Pro-League side Al-Qadsiah. He only joined last year.
89b27ae1-6ffb-4e2f-b7cd-c4cac79a0a9d,man_utd,news,2026-08-14 00:58:20.498255,"Rashford is back at Man Utd after Barcelona, but his future remains uncertain.","Marcus Rashford (Man Utd's winger) is back after his Barcelona loan, but Carrick (Man Utd's manager) says his future at the club is still uncertain."
abc4da6a-fc4a-414f-adb1-97f1307f204e,arsenal,news,2026-08-14 09:21:28.838671,"Arsenal vs Man City in the Community Shield on Saturday, first trophy of the new season",Arsenal face Man City in the Community Shield on Saturday. Enzo Maresca (Man City's new manager) makes his competitive debut at the Principality Stadium.
d23e2300-9083-45fb-bf78-96cc5b39f076,aston_villa,news,2026-08-14 09:22:03.969648,Tielemans apologises to Aston Villa fans after calling Man United a bigger club,Youri Tielemans (Villa's former midfielder) moved to Man United this summer and suggested he'd joined a bigger club. He's since apologised to Villa fans.
6331408a-e708-4be2-8866-5f194b5c8c4b,leicester,news,2026-08-14 09:22:22.070442,Leicester City put up for sale for more than £200m after 16 years under King Power,"Leicester City is up for sale. Thai owners King Power are looking to exit after 16 years, with an asking price of more than £200m."
73c17946-e261-4fc0-864b-e998c8f49f6b,man_utd,news,2026-08-14 09:22:25.693786,"Man United won't make a £100m signing this summer, with Rashford's future still uncertain",Michael Carrick says Man United won't make a £100m signing this summer. Marcus Rashford is back from his Barcelona loan but could still leave.
15a12b7c-0228-4463-86d3-fa6d358f24de,man_city,news,2026-08-14 09:23:35.259394,"Man City agree to sell Reijnders to Saudi side Al-Qadsiah for £52m, one year after signing him",Man City have agreed to sell midfielder Tijjani Reijnders to Saudi club Al-Qadsiah for £52m. He joined from AC Milan last summer for £46.5m.
36dab615-451c-41c7-9d01-b29952d44b41,chelsea,news,2026-08-15 00:41:40.810825,Chelsea's Enzo Fernandez is staying. The £120m deadline passed and no club bid.,Chelsea's Enzo Fernandez (Argentine midfielder) is expected to stay after the club's £120m deadline passed today. Man City didn't bid. He's not going anywhere.
0dea5d03-7d6d-4b12-ae87-e18ca5fbcd3e,liverpool,news,2026-08-15 00:45:17.700496,"Jeff Bezos-backed consortium buys 30% of Liverpool, valuing the club at £5.5bn.","Jeff Bezos (Amazon founder) is now a Liverpool co-owner. His consortium bought a 30% stake, valuing the Reds at £5.5bn. FSG keep control."
926eba6f-44ab-4fd7-96f2-9a824bfc75ea,spain,news,2026-08-15 00:46:59.746595,"Barcelona reportedly making a second approach for Rodri from Man City, according to reports.","Rodri (Spain midfielder, currently at Man City) has a fresh Barcelona offer on the table, according to reports. Negotiations are ongoing, nothing confirmed."
8b641e87-0f45-4c4b-9035-27853689ddaa,man_city,news,2026-08-15 00:47:10.577087,"Barcelona preparing new bid for Man City's Rodri, with City open to selling for around £70m.",Barcelona are set to make a new offer for Man City's Rodri (Spanish midfielder). City are reportedly open to selling for around £70m.
22332e54-2b10-4e2a-ad1c-7bc164b20eec,arsenal,news,2026-08-16 08:39:04.197246,Arsenal vs Man City in the Community Shield today. Kick-off 3pm at Cardiff's Principality Stadium.,"Arsenal open the new season today. Defending champions vs FA Cup winners Man City, Community Shield in Cardiff, 3pm."
3e9eb6c5-94ac-4941-9328-fff9d0f66770,chelsea,news,2026-08-16 08:43:58.545206,"Chelsea beat Real Sociedad 3-1 in Xabi Alonso's first game. Morgan Rogers scored, Fernandez booed.",Chelsea won 3-1 in Xabi Alonso's (new manager) first game at Stamford Bridge. Morgan Rogers (new signing) scored on debut. Fernandez got booed.
0b4f8a2f-9fe6-4244-a04f-5aa6259ac49c,liverpool,news,2026-08-16 08:48:28.937274,The Bezos group reportedly has an option to eventually take a controlling interest in Liverpool.,The Bezos group reportedly has an option to take a controlling interest in Liverpool. Not just the minority stake everyone assumed.
0253f2d2-582a-4f46-aa84-1a05130b4f5b,man_city,news,2026-08-16 08:50:04.723444,Maresca rules out Haaland as Man City captain. Picking Bernardo Silva's successor instead.,Maresca (Man City's new manager) ruled Haaland out as captain. His goalscoring ability counted against him. Bernardo Silva's successor is being chosen.
31441491-5727-46d1-8e02-9aa07cb27016,man_utd,news,2026-08-16 08:53:50.535197,"Rashford returns to Man Utd after 20 months, but United lose 4-2 to AC Milan","Man Utd lost 4-2 to Amorim's AC Milan. Rashford (winger) returned as a sub, his first United appearance in 20 months."
6e5deec5-0659-40a2-9d0c-6dc96fb5c067,arsenal,matchday,2026-08-17 08:55:35.181503,Arsenal won the Community Shield 3-0 against Man City.,Arsenal won the Community Shield 3-0 against Man City yesterday. First trophy of the new season. Coventry at home on Friday night to open the league.
4fdc2ded-dcd8-42d9-932b-6668d266dac5,scotland,news,2026-08-17 08:56:22.953866,Scotland appoint Belgian Sebastien Pocognoli as new head coach on a two-year deal.,"Scotland named Belgian Sebastien Pocognoli (39, formerly Monaco manager) as their new head coach. He's promising an attacking style reset."
b33f40fc-0266-44e6-8639-0ba890793bcb,portugal,news,2026-08-17 08:56:30.174479,Portugal captain Cristiano Ronaldo says this season is 'probably' his last as a professional footballer.,Portugal captain Cristiano Ronaldo (41) told Vogue this season is 'probably' his last as a footballer. He has more than 950 goals.
3e3a2a96-c1db-47f3-88e3-e1c924583d13,spain,news,2026-08-17 08:56:35.290189,Barcelona sign Spain captain Rodri from Manchester City for £65.4m.,"Spain captain Rodri (30, Man City midfielder and World Championship winner) is heading to Barcelona. Man City accepted a £65.4m bid."
6c3f11be-2f64-4072-ad80-d5cb7392ef63,chelsea,news,2026-08-18 08:43:53.34667,"Chelsea co-owners Boehly and Walter explore selling their stakes to Clearlake Capital, who would hit 86% control.","Chelsea co-owners Boehly and Walter are exploring selling their 13% stakes to Clearlake Capital, which would give Clearlake 86% control."
bdd21bb6-6cbf-4779-9cde-a582db2c41f8,man_city,news,2026-08-18 08:48:00.420929,"Rodri has arrived in Barcelona to complete his transfer from Man City, describing it as his dream move.",Rodri (Man City's Spain midfielder) has arrived in Barcelona to complete his dream move. One of City's most important players is leaving.
4fd9a34c-369f-488f-99e9-64882eed82db,morocco,news,2026-08-18 08:48:38.935636,Man City in advanced talks to sign Morocco midfielder Bouaddi from Lille for £85m.,"Man City are in advanced talks to sign Ayyoub Bouaddi, Morocco's defensive midfielder, from Lille for £85m. Nothing's confirmed yet."
dffe287f-2b8b-4717-ab8c-67f14884a36c,scotland,news,2026-08-18 08:49:29.08341,"Scotland's FA has officially withdrawn support for FIFA president Infantino, citing 'lack of transparency' over World Championship sell-off plan.",Scotland's football chiefs have officially lost confidence in FIFA president Gianni Infantino and won't be voting for his re-election.
5786967d-c099-4136-948a-c7ad5112befc,arsenal,news,2026-08-19 08:40:49.337261,Arteta says Arsenal want to be the best club in the world. The Premier League season starts Friday.,"Arteta (Arsenal manager) said it plainly before the season starts: 'We want to be the best club in the world.' Arsenal vs Coventry, Friday night."
1c060749-0497-45b9-90c2-1f27bde8bfe4,senegal,news,2026-08-19 08:46:16.533361,Patrick Vieira appointed as Senegal's new head coach,"Senegal have a new national team boss. Patrick Vieira (France's 1998 World Championship winner, former Arsenal captain) has taken the job."
6fdfbe9c-8e8e-48f4-b790-d817ab3d5187,spain,news,2026-08-19 08:46:38.639667,Rodri completes £65m move from Man City to Barcelona,Rodri says he's ready to feel 'excitement again'. The Spain captain's £65m move from Man City to Barcelona is confirmed.
80fe4bd7-ae1a-4a59-a922-fcba86fc2539,liverpool,news,2026-08-19 08:48:28.693756,Bezos consortium confirmed they've bought 38% of Liverpool for more than £2bn. They could become majority shareholders within a year.,Bezos's group has officially bought 38% of Liverpool for more than £2bn. They could become majority shareholders within a year.
ca232c7d-53be-44ea-8b68-77d43d51181a,man_city,news,2026-08-19 08:50:07.237498,The Amazon Prime Guardiola documentary reveals he threatened to leave Man City '100 times' and nearly broke down in tears.,The Amazon Prime Guardiola documentary is out. He threatened to leave Man City '100 times' -- his own club chair confirmed it on camera.
68d60463-eafa-4c00-8ef5-cd9bdf76d270,arsenal,news,2026-08-20 08:41:57.460935,Arsenal bringing in Aston Villa defender Ezri Konsa for more than £50m before the season starts.,"Ezri Konsa (Aston Villa defender) is heading to Arsenal for more than £50m. He'll cover for Saliba, who's out with a back injury until October."
30a86aae-af12-42c6-88bd-9976316537f3,england,news,2026-08-20 08:51:13.833725,"Social media algorithms amplified racist abuse of World Championship players, research finds",New research says social media algorithms amplified racist abuse against England footballers during the World Championship.
02328f2d-7a8b-4a7c-b9ff-aadac42cc350,japan,news,2026-08-20 08:51:24.060169,Japan's Zion Suzuki becomes the first Japanese goalkeeper in the Premier League,"Japan goalkeeper Zion Suzuki has joined Aston Villa, becoming the first Japanese player to be a Premier League goalkeeper."
890b6773-8285-4951-8c43-d07ad8fddd0f,brighton,news,2026-08-21 08:40:54.889939,Brighton reject Liverpool's £50m bid for Minteh,Brighton rejected Liverpool's £50m bid for winger Yankuba Minteh. He's staying at the Amex.
0c4617d6-5d72-47ca-a5ce-ce20f9568620,brazil,news,2026-08-21 08:43:29.901725,"Ronaldinho (former Ballon d'Or winner, 46) has signed for Italian third-division club Ravenna. He hopes to score his 300th career goal.","Brazil legend Ronaldinho (46, former Ballon d'Or winner) has signed for Italian third-tier club Ravenna. He’s chasing his 300th career goal."
caaf4270-dc55-48dc-bc87-b8bfc6a7d7dc,man_city,news,2026-08-21 08:45:33.520115,Man City agree £75m Savinho sale to Spurs amid summer rebuild,Spurs have agreed a £75m deal to sign Manchester City winger Savinho. Another key player heading out of the Etihad.
e561b5b3-6f13-47c4-89cc-951b720335f6,spurs,news,2026-08-21 08:50:13.382509,Spurs agree £75m deal for Man City winger Savinho,Tottenham have agreed a £75m deal to sign Savinho (Manchester City winger). He's heading to north London.
a117569a-2e45-43ee-bc74-a42e397a06f8,argentina,news,2026-08-22 08:42:05.402118,Three Argentina players banned for World Championship final brawl with Spain,"Paredes (Argentina midfielder) gets a 10-match ban after the World Championship final brawl. Molina and Almada are also out. Argentina fined $321,000 too."
a0ccb512-ca3b-49ae-a2de-236a2e4aa0d6,arsenal,news,2026-08-22 08:45:47.85083,"Arsenal open their title defence with a 3-0 win over Coventry. Havertz, Saka and Odegaard all scored.","Arsenal beat Coventry 3-0 to open their title defence. Havertz (striker), Saka (winger) and Odegaard (Arsenal captain) all scored."
0c9d2c68-fb21-4e1b-9598-b24fdcd4bd3c,spain,news,2026-08-23 08:44:24.082439,Spain captain Rodri joins Barcelona from Man City. Manager Maresca admits finding his replacement is a major challenge.,Spain captain Rodri has left Man City for Barcelona. His former manager at City admits they now need to find 'the new Rodri' after the move.
bd5d2dfa-34e3-40cd-b67b-319d8c5b604f,man_city,news,2026-08-23 08:59:08.562463,Rodri leaves Man City to join Barcelona. Maresca vows to find 'the new Rodri.',Rodri (Man City's Spanish midfielder and Spain captain) has left to join Barcelona. Enzo Maresca says City will 'try to find the new Rodri.'
c2eddcda-ef2c-45ee-b805-a5e8b5c0162a,man_utd,news,2026-08-23 08:59:26.869111,Hull beat Manchester United on opening day in a stunning Premier League return for the promoted side.,Hull beat Manchester United on the opening day. Michael Carrick (Man Utd manager) says 'we didn't click' after a shocking defeat to a promoted side.
70573af1-86f7-42e4-b51b-9db930e2a2c9,aston_villa,news,2026-08-24 08:46:14.406548,Aston Villa had one of the worst opening-day performances in Premier League history against Brighton.,Brighton dominated Villa in the Premier League opener. Villa were down to 10 men and Emery (Villa manager) said they had to 'accept everything.'
869cb006-1675-4feb-b682-e1130f376e3a,morocco,news,2026-08-24 08:46:21.934999,Manchester City agree £86m deal for 18-year-old Morocco midfielder Ayyoub Bouaddi from Lille.,Manchester City have agreed an £86m deal for Ayyoub Bouaddi (18-year-old Morocco midfielder) from Lille. He takes City's summer spend to nearly £200m.
37085aa0-d949-4009-b57c-484772f76c13,brazil,news,2026-08-24 08:47:03.012847,Mourinho says Vinicius Jr needs 'great emotional control' when being bullied and provoked in matches.,Manager Jose Mourinho says Brazil winger Vinicius Jr (Real Madrid) needs 'great emotional control' after being regularly bullied and provoked in matches.
6351e30d-5870-4134-9dc0-fe8f340b1ef1,england,news,2026-08-24 08:47:41.068292,Harry Kane wins Germany's player of the year award after a 61-goal season at Bayern Munich.,"Harry Kane (England captain, Bayern Munich forward) has won Germany's player of the year award after a 61-goal season. He's the first Englishman ever to win it."
bc6f0ddc-beb6-48f5-9f9b-91f572a53fd9,liverpool,news,2026-08-24 08:48:40.580801,Liverpool drew at Newcastle in Iraola's first game. Szoboszlai's late penalty rescued the point.,Liverpool drew at Newcastle in manager Iraola's first game. Szoboszlai rescued a point with a late penalty. Neville says Wirtz and Isak disappointed.
6d5238ab-f319-4fba-9530-47756ca96502,man_city,news,2026-08-24 08:49:18.350288,Man City have signed 18-year-old Ayyoub Bouaddi from Lille for £86m.,"Man City have completed a deal to sign Ayyoub Bouaddi (Lille midfielder, 18) for £86m as the next piece of their midfield rebuild."
52f34aa1-10bb-4de3-a77b-bfea95339e26,newcastle,news,2026-08-24 08:49:51.750489,Newcastle drew with Liverpool after a controversial late penalty that Jaissle called 'really soft.',Newcastle drew with Liverpool after a late penalty. Wissa (Newcastle winger) was excellent. Manager Jaissle called it 'really soft.' They should have won.
5c1d4570-5d07-4476-887f-b6cb59954a2e,arsenal,news,2026-08-25 08:37:47.264469,Arsenal reportedly tracking Julian Alvarez as transfer deadline approaches,Arsenal reportedly eyeing Alvarez (Atletico Madrid striker) this week. The Argentine was booed by Atletico fans after saying he wants to leave.
ffbd6bcb-054f-464b-91ca-7d23f012e1bd,chelsea,news,2026-08-25 08:41:23.434884,Xabi Alonso starts as Chelsea manager with a 3-2 win at Fulham,Chelsea beat Fulham 3-2 to give Xabi Alonso (new Chelsea manager) a winning start. Cole Palmer scored and set up Joao Pedro. Morgan Rogers scored on debut.
5de06df7-56e6-4db4-abb6-72d44cc55d50,chelsea,news,2026-08-26 08:43:20.871576,Chelsea sell Delap to Nottingham Forest for £50m as Joao Pedro takes the number nine role under Xabi Alonso.,Chelsea have agreed to sell striker Liam Delap to Nottingham Forest for around £50m.
e9d7f9c6-6d88-4a5c-a873-a69e770ef749,man_city,news,2026-08-26 08:44:20.252794,Manchester City sell Nico Gonzalez to Newcastle for £52m in another high-profile squad departure.,Manchester City are selling midfielder Nico Gonzalez to Newcastle in a deal worth around £52m.
117d87ba-9177-4aca-9088-b995136b838e,man_utd,news,2026-08-26 08:45:14.147856,"Bruno Fernandes wins PFA Player of the Year for the 2025/26 season, voted for by his fellow professionals.",Manchester United captain Bruno Fernandes (Portuguese midfielder) has won the PFA Player of the Year award for the 2025/26 season.
3443cb78-2878-4446-99b8-95ba3d6c265e,spurs,news,2026-08-26 08:46:18.228973,"Tottenham complete signing of Brazil winger Savio from Manchester City for around £75m, taking their summer spend past £300m.","Tottenham have signed Brazil winger Savio (formerly Savinho at Manchester City) in a deal worth around £75m, pushing their summer spending past £300m."
39127cfb-b24a-435b-be65-c2307f7f225e,argentina,news,2026-08-26 08:47:07.782266,"Álvarez wants to leave Atlético, with Barcelona and Arsenal in the race","Argentina striker Julián Álvarez wants to leave Atlético Madrid, with Barcelona and Arsenal both reportedly competing to sign him this summer."
06639585-5fb3-405b-a6b2-57e185ea56b3,netherlands,news,2026-08-26 08:52:13.352246,Xavi Hernández appointed Netherlands head coach on four-year contract,"Xavi Hernández (Barcelona legend) has been unveiled as Netherlands' new head coach, saying it feels like going to 'the university of football'."
e064f0f8-7814-4c21-b452-ed08783ae29d,arsenal,news,2026-08-27 08:53:45.326851,Atletico say '0% chance' Alvarez leaves as transfer row intensifies,Atletico Madrid insist Julian Alvarez (striker) will not leave as Arsenal transfer saga continues
2eea80bd-675b-4fc8-99dc-dc2334a083ed,aston_villa,news,2026-08-27 08:54:00.938417,"Watkins to Saudi, Jackson in: Villa pull off a double deal in one afternoon",Aston Villa agree double deal: Ollie Watkins exits to Saudi for £50m as Nicolas Jackson arrives from Chelsea
6319a8fb-6536-459e-9593-49118c913993,liverpool,news,2026-08-27 08:55:33.147257,Liverpool host Spurs at Anfield in Carabao Cup third round,Liverpool host Spurs at Anfield in Carabao Cup third round with Andy Robertson set for return
45f2d954-c7a4-477d-a695-7771c552c429,spurs,matchday,2026-08-27 08:56:29.098353,Savio debut goal and assist as Spurs beat Charlton 5-1 in the cup,Savio scores and assists on debut as Tottenham thrash Charlton 5-1 in Carabao Cup
25e4c89c-7103-4b21-822b-2ca1e3191802,spurs,news,2026-08-27 08:56:45.88519,"Spurs agree loan deal for Man City's Marmoush, their second City signing this window",Tottenham agree loan deal for Omar Marmoush (forward) from Manchester City with £60m obligation to buy
b3b81bc8-3258-4448-bf40-374cf4487bcc,arsenal,news,2026-08-28 08:37:00.558333,"Champions League draw: Arsenal vs Real Madrid, Man City face Barcelona and PSG",Arsenal face Real Madrid in this season's Champions League. Arteta's (Arsenal manager) side lost to PSG on penalties in last year's final.
896d9a6b-f517-4526-87bd-80a04d5b3da1,liverpool,news,2026-08-28 08:47:49.329773,Liverpool sign Barcola from PSG for £120m. One of the summer's biggest deals.,Liverpool have agreed a £120m deal to sign France winger Bradley Barcola from PSG. He is set for a medical as one of the biggest deals of the summer completes.
227f905b-829f-4497-b960-20ac54dcc673,argentina,news,2026-08-28 08:47:58.904507,"Ipswich sign Argentina's Exequiel Palacios, the first 2022 World Championship winner to join the club, from Bayer Leverkusen.","Exequiel Palacios (Argentina midfielder) joins Ipswich Town from Bayer Leverkusen, becoming the first 2022 World Championship winner to sign for the club."
ba4596c9-2c71-405e-955d-8122bce81de7,france,news,2026-08-28 08:48:30.629301,Liverpool and PSG close to agreeing a £120m deal for France winger Bradley Barcola.,Bradley Barcola (France international winger) is close to joining Liverpool from PSG. Reports say the clubs have agreed around £120m.
a7fa30c0-9903-4950-9779-b019c0c9d88b,morocco,news,2026-08-28 08:49:04.359124,Manchester City sign Morocco's Ayyoub Bouaddi from Lille for around £85m. The 18-year-old played at this summer's World Championship.,Ayyoub Bouaddi (Morocco's 18-year-old midfielder) joins Manchester City from Lille for around £85m. Already being called City's new Rodri.
a7737892-80f0-4928-8a97-1ce69171f0d3,senegal,news,2026-08-28 08:49:24.274606,Nicolas Jackson reportedly close to a £65m move from Chelsea to Aston Villa.,"Senegal striker Nicolas Jackson is reportedly close to leaving Chelsea for Aston Villa in a deal worth around £65m, after three years at Stamford Bridge."
f9ec9153-5eb7-4589-aede-31db4340ea8f,germany,news,2026-08-29 08:46:44.596977,Leon Goretzka joins Aston Villa on a free transfer.,"Germany midfielder Leon Goretzka has signed for Aston Villa on a free transfer, bringing a World Championship squad player to the Premier League."
7e383216-462b-4568-b5a3-80f5e180f9cc,bournemouth,news,2026-08-29 08:46:49.463723,Bournemouth draw AC Milan in the Europa League in their first ever European campaign.,Bournemouth have drawn AC Milan in the Europa League. They'll host the Italian giants at the Vitality in their first ever European campaign.
ff6f20a4-2f52-4807-95c6-f437ec7b8b20,senegal,news,2026-08-29 08:47:11.49596,Nicolas Jackson completes £47.5m move to Aston Villa from Chelsea.,"Nicolas Jackson (Senegal striker) completes £47.5m move from Chelsea to Aston Villa, and could debut against Arsenal on Monday."
3767e914-c3ab-44b4-9730-6950c84df716,brazil,news,2026-08-29 08:48:09.588393,Al Hilal reportedly closing in on Arsenal's Gabriel Martinelli for €65m.,"Al Hilal are reportedly closing in on the signing of Brazil forward Gabriel Martinelli from Arsenal in a deal worth up to €65m, according to sources."
4ee9f6b9-6749-4592-bbef-4094040ee009,argentina,news,2026-08-29 08:48:36.14383,"Atletico CEO: Alvarez will 'never, ever' be sold to Barcelona.","Atletico Madrid's CEO says Argentina forward Julian Alvarez will 'never, ever' be sold to Barcelona, accusing them of 'dishonesty'. Arsenal remain linked."
ceea626a-7e50-46ce-9d4d-bbddbfd49e42,man_city,matchday,2026-08-29 08:53:09.684031,Haaland and Cherki both score twice as Man City beat Crystal Palace,Man City beat Crystal Palace on Friday. Haaland and Rayan Cherki (City's French attacker) both scored twice. Two wins from two for manager Enzo Maresca.
9643cf92-7427-4b36-8b78-e8ea0ba95009,spurs,news,2026-08-29 08:56:03.883488,De Zerbi eyes one more Spurs signing before Tuesday's deadline after Savio and Marmoush deals,"De Zerbi wants one more Spurs signing before Tuesday's deadline, pushing for 'one specific position' after a window that's exceeded his expectations."
